Branch_ID,City,Region,Firm_Revenue,Expenses,Profit_Margin,Calculated_Profit_Margin,Margin_Difference,Calculated_Profit
1000,Solapur,East,422443.0,346471,56.31,17.983964700563153,38.32603529943685,75972.0
1001,Mumbai,North,211155.0,216256,79.53,-2.415760933911108,81.9457609339111,-5101.0
1002,Nashik,West,985006.0,71777,55.31,92.71303931143567,-37.40303931143566,913229.0
1003,Solapur,North,55113.0,253655,2.57,-360.24531417269975,362.81531417269974,-198542.0
1004,Nagpur,West,282701.0,148194,-14.1,47.57924450214184,-61.67924450214184,134507.0
1005,Nagpur,East,657164.0,90729,11.57,86.19385724111484,-74.62385724111485,566435.0
1006,Kolhapur,North,96520.0,273124,19.48,-182.9714048901782,202.4514048901782,-176604.0
1007,Kolhapur,West,427163.0,111053,-9.09,74.0021958830704,-83.0921958830704,316110.0
1008,Kolhapur,North,,59920,-5.94,,,
1009,Nagpur,South,690932.0,44992,56.47,93.48821591705118,-37.01821591705118,645940.0
1010,Solapur,North,936640.0,226126,-18.9,75.85774683976769,-94.75774683976769,710514.0
1011,Nashik,East,257505.0,483161,65.12,-87.63169647191317,152.7516964719132,-225656.0
1012,Nagpur,West,969777.0,347637,-11.4,64.15289288155937,-75.55289288155937,622140.0
1013,Pune,West,214437.0,52323,10.97,75.59982652247513,-64.62982652247513,162114.0
1014,Nagpur,North,370373.0,194199,-8.67,47.56664227683983,-56.23664227683983,176174.0
1015,Nagpur,East,494847.0,394802,73.24,20.21736011332796,53.02263988667204,100045.0
1016,Nashik,North,366811.0,326818,9.12,10.902890044191697,-1.7828900441916975,39993.0
1017,Nagpur,East,658552.0,280743,96.78,57.36965342144585,39.410346578554154,377809.0
1018,Nagpur,East,938738.0,218097,40.11,76.76699995099804,-36.65699995099804,720641.0
1019,Nashik,West,112412.0,219553,-47.5,-95.31099882574814,47.81099882574814,-107141.0
1020,Nagpur,South,928809.0,456732,72.27,50.82605788703598,21.443942112964017,472077.0
1021,Solapur,North,718065.0,104070,53.39,85.50688308161517,-32.11688308161517,613995.0
1022,Pune,West,948252.0,264169,-11.58,72.14147716007982,-83.72147716007981,684083.0
1023,Solapur,North,141055.0,264179,-9.72,-87.28793732941051,77.56793732941051,-123124.0
1024,Nagpur,South,453778.0,239635,23.83,47.191137516583,-23.361137516583,214143.0
1025,Pune,West,410506.0,347517,49.96,15.344233701821656,34.61576629817834,62989.0
1026,Kolhapur,East,173491.0,197880,84.95,-14.05778974125459,99.0077897412546,-24389.0
1027,Mumbai,East,405516.0,184621,-25.05,54.472573215360185,-79.52257321536018,220895.0
1028,Pune,West,301173.0,122217,-24.9,59.419669093843076,-84.31966909384307,178956.0
1029,Nashik,West,637247.0,235181,54.57,63.09421621443491,-8.524216214434908,402066.0
1030,Pune,East,950410.0,483008,-2.32,49.178985911343524,-51.498985911343524,467402.0
1031,Solapur,East,646023.0,117992,-15.94,81.73563479938021,-97.6756347993802,528031.0
1032,Nashik,North,722489.0,127639,53.12,82.33343345019786,-29.21343345019786,594850.0
1033,Solapur,West,936776.0,90418,-40.93,90.34795938410036,-131.27795938410037,846358.0
1034,Solapur,West,,131077,29.7,,,
1035,Mumbai,West,590919.0,180788,46.09,69.40562073651381,-23.315620736513807,410131.0
1036,Nagpur,West,729537.0,225109,7.71,69.14358010628659,-61.43358010628659,504428.0
1037,Mumbai,West,260539.0,433554,-31.14,-66.40656485209509,35.26656485209509,-173015.0
1038,Nagpur,East,572977.0,405006,1.39,29.315487358131303,-27.925487358131303,167971.0
1039,Kolhapur,North,286507.0,44379,14.69,84.5103261002349,-69.82032610023491,242128.0
1040,Solapur,East,560824.0,293054,-25.83,47.7458168694635,-73.5758168694635,267770.0
1041,Pune,South,382425.0,407970,23.26,-6.679741125710923,29.939741125710924,-25545.0
1042,Nagpur,South,993460.0,488468,0.82,50.83163891852717,-50.01163891852717,504992.0
1043,Mumbai,East,601854.0,467555,85.0,22.314215740029976,62.68578425997002,134299.0
1044,Nashik,South,878898.0,192703,-40.35,78.07447508129498,-118.42447508129499,686195.0
1045,Mumbai,East,743144.0,255822,50.49,65.57571614653418,-15.085716146534175,487322.0
1046,Solapur,West,977665.0,254418,58.29,73.97697575345337,-15.686975753453375,723247.0
1047,Solapur,East,655189.0,116716,41.34,82.18590360949284,-40.84590360949284,538473.0
1048,Mumbai,East,684533.0,334321,28.27,51.160718329138255,-22.890718329138256,350212.0
1049,Mumbai,North,100724.0,169264,-32.71,-68.04733727810651,35.33733727810651,-68540.0
1050,Nashik,South,678204.0,179639,41.23,73.51254194903008,-32.28254194903008,498565.0
1051,Kolhapur,East,623150.0,83058,34.99,86.67126695017251,-51.68126695017251,540092.0
1052,Nagpur,North,992645.0,68947,86.92,93.05421374207295,-6.134213742072944,923698.0
1053,Solapur,West,829228.0,209502,80.83,74.73529596202732,6.094704037972676,619726.0
1054,Nagpur,West,967410.0,419776,-46.92,56.6082633009789,-103.52826330097889,547634.0
1055,Solapur,North,999028.0,235173,97.69,76.45981894401358,21.23018105598642,763855.0
1056,Solapur,West,104114.0,239317,34.82,-129.86053748775382,164.6805374877538,-135203.0
1057,Mumbai,South,348753.0,320467,87.4,8.110611234885434,79.28938876511457,28286.0
1058,Kolhapur,North,,179713,-27.61,,,
1059,Mumbai,South,920571.0,191047,54.46,79.24690219439891,-24.786902194398913,729524.0
1060,Kolhapur,East,305241.0,220112,18.76,27.889110571646665,-9.129110571646663,85129.0
1061,Pune,South,668871.0,153491,-29.88,77.05222681204596,-106.93222681204595,515380.0
1062,Mumbai,West,299697.0,273050,-46.59,8.891313560028962,-55.481313560028966,26647.0
1063,Pune,South,802708.0,57795,-17.56,92.79999701012073,-110.35999701012074,744913.0
1064,Kolhapur,South,904204.0,219407,-47.49,75.73478993678418,-123.22478993678419,684797.0
1065,Solapur,East,738465.0,454834,39.67,38.40818454496828,1.2618154550317229,283631.0
1066,Nashik,East,123311.0,269341,-4.26,-118.4241470752812,114.16414707528119,-146030.0
1067,Kolhapur,West,447272.0,419907,93.05,6.118201005204886,86.93179899479512,27365.0
1068,Nagpur,North,94673.0,124746,44.89,-31.765128389297896,76.6551283892979,-30073.0
1069,Nagpur,West,,279148,64.56,,,
1070,Nashik,South,723055.0,20664,15.06,97.14212611765358,-82.08212611765357,702391.0
1071,Nashik,West,288740.0,497515,-9.92,-72.30553439080141,62.38553439080141,-208775.0
1072,Kolhapur,North,831265.0,382396,65.1,53.998303790006794,11.1016962099932,448869.0
1073,Mumbai,East,459580.0,198394,20.15,56.83145480656251,-36.68145480656251,261186.0
1074,Solapur,East,997286.0,218745,99.93,78.06597104541726,21.86402895458275,778541.0
1075,Kolhapur,South,105973.0,493415,38.88,-365.60444641559644,404.48444641559644,-387442.0
1076,Kolhapur,West,204710.0,300215,76.77,-46.65380294074544,123.42380294074545,-95505.0
1077,Nagpur,West,985286.0,152371,-6.82,84.53535318679043,-91.35535318679044,832915.0
1078,Nashik,East,616031.0,473422,14.03,23.14964668985814,-9.119646689858142,142609.0
1079,Solapur,East,631559.0,213405,-13.91,66.20980779309613,-80.11980779309613,418154.0
1080,Kolhapur,West,714846.0,106483,66.31,85.10406437190667,-18.79406437190667,608363.0
1081,Nagpur,West,810727.0,234848,63.59,71.03241905104925,-7.442419051049242,575879.0
1082,Solapur,East,527491.0,129655,38.9,75.42043371356098,-36.52043371356098,397836.0
1083,Pune,East,590910.0,395017,59.66,33.15107207527373,26.508927924726265,195893.0
1084,Nagpur,West,604344.0,406488,4.09,32.73896985822644,-28.64896985822644,197856.0
1085,Pune,North,301941.0,71479,81.71,76.32683206321765,5.383167936782343,230462.0
1086,Kolhapur,West,744479.0,53750,88.35,92.78018587495416,-4.430185874954162,690729.0
1087,Solapur,West,640762.0,202204,49.6,68.44319731819303,-18.843197318193027,438558.0
1088,Mumbai,West,246436.0,57113,5.95,76.82440877144573,-70.87440877144573,189323.0
1089,Nashik,East,658793.0,482561,76.27,26.750739610165862,49.51926038983413,176232.0
1090,Pune,North,629001.0,345832,97.09,45.01884734682457,52.07115265317543,283169.0
1091,Mumbai,South,307324.0,81535,36.85,73.46936783329645,-36.619367833296444,225789.0
1092,Nagpur,East,,493705,48.98,,,
1093,Nashik,North,,37666,77.6,,,
1094,Solapur,South,837097.0,140421,50.9,83.22524151920267,-32.32524151920267,696676.0
1095,Kolhapur,South,929599.0,259456,-20.48,72.08947083634986,-92.56947083634986,670143.0
1096,Nashik,North,285747.0,164076,13.47,42.57997459290912,-29.10997459290912,121671.0
1097,Mumbai,East,68882.0,111621,41.81,-62.04668853982172,103.85668853982173,-42739.0
1098,Mumbai,West,570985.0,423464,19.57,25.836230373827686,-6.266230373827685,147521.0
1099,Nagpur,North,714838.0,177696,51.99,75.14178037541373,-23.15178037541373,537142.0
1100,Solapur,West,860774.0,342060,-7.77,60.26134618378344,-68.03134618378344,518714.0
1101,Nagpur,East,866744.0,147716,-26.19,82.95736688110907,-109.14736688110906,719028.0
1102,Kolhapur,East,449250.0,305716,-45.74,31.949693934335006,-77.68969393433501,143534.0
1103,Solapur,East,941020.0,22378,-44.16,97.6219421478821,-141.7819421478821,918642.0
1104,Kolhapur,South,658214.0,119660,3.51,81.82050214671824,-78.31050214671824,538554.0
1105,Kolhapur,East,,336150,-46.74,,,
1106,Nagpur,South,645333.0,497857,-9.25,22.85269775449264,-32.10269775449264,147476.0
1107,Nashik,South,553367.0,463072,27.01,16.31738068948817,10.69261931051183,90295.0
1108,Solapur,West,77365.0,358228,61.62,-363.0362567052285,424.6562567052285,-280863.0
1109,Solapur,South,227115.0,86628,38.34,61.85720890297867,-23.517208902978666,140487.0
1110,Solapur,South,993451.0,431239,30.19,56.59181982805392,-26.40181982805392,562212.0
1111,Nagpur,East,702367.0,190514,-13.68,72.87543406794454,-86.55543406794453,511853.0
1112,Kolhapur,South,474820.0,431359,-47.64,9.153152773682658,-56.79315277368266,43461.0
1113,Nagpur,East,963430.0,275162,-30.54,71.4393365371641,-101.9793365371641,688268.0
1114,Kolhapur,East,842893.0,204196,97.27,75.77438654728418,21.495613452715816,638697.0
1115,Nagpur,South,785942.0,164003,89.17,79.1329385628965,10.037061437103503,621939.0
1116,Mumbai,West,798102.0,315359,-3.33,60.48637893402097,-63.81637893402097,482743.0
1117,Nashik,South,286476.0,326419,-1.85,-13.942878286488222,12.092878286488222,-39943.0
1118,Nagpur,West,204248.0,208385,83.7,-2.025478829658063,85.72547882965807,-4137.0
1119,Nashik,West,772777.0,279646,-38.22,63.812846396826,-102.03284639682599,493131.0
1120,Pune,West,715070.0,105057,-24.29,85.30815164948886,-109.59815164948887,610013.0
1121,Nagpur,North,163874.0,355418,-32.31,-116.88492378290638,84.57492378290638,-191544.0
1122,Solapur,North,443946.0,415587,80.64,6.387939073671123,74.25206092632888,28359.0
1123,Solapur,South,398968.0,482742,-49.01,-20.997673998917207,-28.01232600108279,-83774.0
1124,Pune,East,657564.0,131822,-47.83,79.95297796108059,-127.78297796108059,525742.0
1125,Kolhapur,South,882724.0,350146,72.08,60.33346776568893,11.746532234311069,532578.0
1126,Nagpur,East,205625.0,485899,45.54,-136.3034650455927,181.8434650455927,-280274.0
1127,Solapur,North,501483.0,122453,34.48,75.5818243090992,-41.10182430909921,379030.0
1128,Solapur,East,921550.0,214020,88.43,76.77608377190602,11.65391622809399,707530.0
1129,Kolhapur,West,788503.0,443105,22.51,43.80427214607934,-21.29427214607934,345398.0
1130,Pune,West,595312.0,349564,20.03,41.28053860832639,-21.250538608326387,245748.0
1131,Solapur,South,,242669,13.12,,,
1132,Kolhapur,West,83336.0,335733,47.84,-302.86670826533555,350.7067082653356,-252397.0
1133,Nashik,West,969558.0,77022,-1.52,92.05596777088117,-93.57596777088116,892536.0
1134,Kolhapur,South,657173.0,370102,50.26,43.68271368422014,6.577286315779858,287071.0
1135,Nashik,South,175873.0,20946,55.55,88.09026968323734,-32.54026968323734,154927.0
1136,Mumbai,East,239263.0,53815,-18.28,77.50801419358613,-95.78801419358614,185448.0
1137,Mumbai,South,263055.0,210483,39.24,19.985174203113417,19.254825796886585,52572.0
1138,Kolhapur,South,635281.0,333629,59.02,47.483239700227145,11.536760299772858,301652.0
1139,Nagpur,South,245288.0,162674,94.18,33.68040833632301,60.499591663676995,82614.0
1140,Mumbai,North,755330.0,90594,90.84,88.00603709636847,2.83396290363153,664736.0
1141,Solapur,South,83554.0,441985,-19.24,-428.9812576297963,409.7412576297963,-358431.0
1142,Kolhapur,South,152963.0,85291,36.59,44.240764106352515,-7.650764106352511,67672.0
1143,Solapur,East,469428.0,399652,20.4,14.86404730863945,5.535952691360549,69776.0
1144,Nagpur,East,252494.0,434330,2.39,-72.01596869628585,74.40596869628585,-181836.0
1145,Mumbai,South,957204.0,352462,1.32,63.177964153931654,-61.857964153931654,604742.0
1146,Mumbai,South,775818.0,473126,95.64,39.01585165592961,56.62414834407039,302692.0
1147,Solapur,West,665993.0,380428,-44.51,42.87807829812025,-87.38807829812025,285565.0
1148,Nashik,North,146659.0,374894,77.88,-155.62290756107706,233.50290756107705,-228235.0
1149,Mumbai,West,272071.0,108121,18.02,60.260005660287206,-42.24000566028721,163950.0
1150,Pune,East,972742.0,142072,35.0,85.39468841686696,-50.394688416866956,830670.0
1151,Solapur,North,931870.0,417137,60.89,55.236567332353225,5.653432667646776,514733.0
1152,Nagpur,South,666200.0,469751,18.45,29.487991594115883,-11.037991594115883,196449.0
1153,Mumbai,West,92374.0,460919,98.1,-398.9704895316864,497.07048953168635,-368545.0
1154,Nashik,North,581172.0,126846,80.14,78.17410336354814,1.965896636451859,454326.0
1155,Solapur,West,414034.0,271238,-17.98,34.488955013356396,-52.46895501335639,142796.0
1156,Mumbai,North,138702.0,407721,50.56,-193.95466539775924,244.51466539775925,-269019.0
1157,Nashik,North,,154403,21.3,,,
1158,Kolhapur,North,290733.0,485981,4.16,-67.15715106300283,71.31715106300283,-195248.0
1159,Nashik,East,643809.0,21990,2.75,96.5843907121522,-93.8343907121522,621819.0
1160,Solapur,East,312585.0,266325,-25.59,14.799174624502134,-40.38917462450213,46260.0
1161,Mumbai,West,815775.0,23574,18.65,97.11023260090099,-78.46023260090098,792201.0
1162,Nagpur,West,505660.0,216164,39.35,57.25111735158011,-17.901117351580112,289496.0
1163,Mumbai,West,144833.0,61565,69.75,57.4924223070709,12.257577692929097,83268.0
1164,Kolhapur,West,975264.0,115810,-6.68,88.12526659448109,-94.80526659448108,859454.0
1165,Pune,South,339712.0,287127,66.07,15.479288338357197,50.5907116616428,52585.0
1166,Nagpur,East,744810.0,50143,33.07,93.26767900538393,-60.197679005383925,694667.0
1167,Solapur,South,108475.0,165270,-11.29,-52.35768610278866,41.06768610278866,-56795.0
1168,Pune,South,752153.0,249575,68.05,66.8185861121341,1.231413887865898,502578.0
1169,Pune,East,840077.0,69074,40.43,91.77765847654442,-51.34765847654442,771003.0
1170,Mumbai,East,635619.0,440243,93.23,30.737910603679246,62.49208939632076,195376.0
1171,Nashik,West,242767.0,323391,-6.74,-33.21044458266568,26.470444582665678,-80624.0
1172,Pune,South,635646.0,439728,95.97,30.821872551703304,65.14812744829669,195918.0
1173,Kolhapur,East,636516.0,113167,33.33,82.22087111714396,-48.89087111714396,523349.0
1174,Solapur,East,613918.0,190021,18.22,69.0478207187279,-50.82782071872791,423897.0
1175,Solapur,South,340442.0,397213,81.24,-16.675674564242954,97.91567456424295,-56771.0
1176,Kolhapur,South,,448247,-26.32,,,
1177,Kolhapur,West,596317.0,74584,19.3,87.49255848818666,-68.19255848818666,521733.0
1178,Nashik,East,728072.0,294584,-31.18,59.539166456064784,-90.71916645606478,433488.0
1179,Pune,South,519356.0,139025,41.98,73.23127103566725,-31.25127103566725,380331.0
1180,Nashik,South,212159.0,118613,-43.63,44.09240239631597,-87.72240239631597,93546.0
1181,Pune,South,,291527,97.03,,,
1182,Mumbai,North,708095.0,348010,-48.78,50.852639829401426,-99.63263982940143,360085.0
1183,Solapur,West,786328.0,298745,89.83,62.007584621175894,27.822415378824104,487583.0
1184,Kolhapur,East,291516.0,81564,46.63,72.02074671716132,-25.390746717161313,209952.0
1185,Nashik,North,814269.0,163240,73.41,79.95257095628104,-6.54257095628104,651029.0
1186,Pune,East,150509.0,337315,3.72,-124.11616581068242,127.83616581068242,-186806.0
1187,Pune,North,502494.0,391351,-13.4,22.11827404904337,-35.51827404904337,111143.0
1188,Kolhapur,East,295840.0,253739,-24.03,14.231003244997295,-38.2610032449973,42101.0
1189,Nagpur,West,91013.0,229704,29.68,-152.38592289013658,182.0659228901366,-138691.0
1190,Nagpur,East,945199.0,479231,-10.01,49.29840171223203,-59.308401712232026,465968.0
1191,Nagpur,North,654064.0,322440,82.02,50.702071968492376,31.31792803150762,331624.0
1192,Nagpur,North,740959.0,300688,-45.51,59.41907716891218,-104.92907716891219,440271.0
1193,Nagpur,East,350370.0,360843,-37.32,-2.9891257813168934,-34.33087421868311,-10473.0
1194,Nagpur,East,739970.0,374694,-17.63,49.36362284957498,-66.99362284957498,365276.0
1195,Solapur,East,466824.0,140751,-37.65,69.84923654310833,-107.49923654310834,326073.0
1196,Pune,East,219987.0,364854,74.2,-65.85252764936111,140.0525276493611,-144867.0
1197,Solapur,South,96117.0,196719,-49.39,-104.66618808327351,55.27618808327351,-100602.0
1198,Pune,South,364247.0,342435,47.75,5.988244240858538,41.761755759141465,21812.0
1199,Nagpur,East,982153.0,301969,18.32,69.25438297291765,-50.93438297291765,680184.0
1200,Kolhapur,South,,355163,65.91,,,
1201,Kolhapur,East,711399.0,490593,11.56,31.038278097101628,-19.47827809710163,220806.0
1202,Mumbai,West,915310.0,112660,46.76,87.69160175241176,-40.93160175241176,802650.0
1203,Nashik,North,772682.0,286464,45.89,62.9260161360042,-17.0360161360042,486218.0
1204,Kolhapur,West,58188.0,494293,4.58,-749.4758369423248,754.0558369423248,-436105.0
1205,Nashik,North,521444.0,86348,-32.87,83.44059956582106,-116.31059956582106,435096.0
1206,Solapur,West,498333.0,207373,14.95,58.386661128201425,-43.43666112820142,290960.0
1207,Nagpur,North,402838.0,129623,81.26,67.82254901474042,13.437450985259588,273215.0
1208,Solapur,North,774290.0,324621,69.46,58.07501065492258,11.384989345077415,449669.0
1209,Nashik,North,,95647,5.72,,,
1210,Nagpur,South,178363.0,164014,80.09,8.044829925489031,72.04517007451098,14349.0
1211,Nashik,South,905634.0,215963,15.81,76.15339088417616,-60.34339088417616,689671.0
1212,Kolhapur,North,844764.0,436685,-20.56,48.306864402365626,-68.86686440236562,408079.0
1213,Pune,East,580234.0,492210,79.6,15.170431239810146,64.42956876018985,88024.0
1214,Nashik,North,891396.0,466522,24.05,47.66388900107248,-23.613889001072476,424874.0
1215,Pune,North,699446.0,482171,15.07,31.063870548977334,-15.993870548977334,217275.0
1216,Mumbai,East,841077.0,422714,-14.76,49.74134353929545,-64.50134353929545,418363.0
1217,Nagpur,South,894540.0,488439,64.69,45.397746327721514,19.292253672278484,406101.0
1218,Nashik,North,519640.0,112598,32.53,78.33153721807406,-45.80153721807406,407042.0
1219,Nashik,East,578852.0,182486,-18.9,68.47449779909199,-87.37449779909198,396366.0
1220,Nashik,East,118288.0,152324,-11.1,-28.77384011903152,17.673840119031517,-34036.0
1221,Kolhapur,East,,282585,7.37,,,
1222,Nashik,East,726501.0,176722,30.15,75.67491304210179,-45.524913042101794,549779.0
1223,Nagpur,West,297321.0,143804,70.78,51.63341977189637,19.14658022810363,153517.0
1224,Nashik,North,472462.0,274775,-18.91,41.84188358005512,-60.75188358005512,197687.0
1225,Kolhapur,South,153515.0,436734,60.79,-184.48946357033515,245.27946357033514,-283219.0
1226,Solapur,South,404512.0,314309,87.43,22.299214856419585,65.13078514358043,90203.0
1227,Pune,West,990092.0,239838,9.35,75.77619049542871,-66.42619049542871,750254.0
1228,Pune,East,111240.0,233346,4.87,-109.7680690399137,114.6380690399137,-122106.0
1229,Nashik,West,832356.0,101213,21.66,87.84017896188651,-66.18017896188651,731143.0
1230,Mumbai,East,456619.0,216028,72.57,52.689660307608754,19.88033969239124,240591.0
1231,Solapur,West,354977.0,429650,-36.12,-21.03601078379726,-15.083989216202738,-74673.0
1232,Solapur,South,192880.0,448885,8.09,-132.7276026545002,140.8176026545002,-256005.0
1233,Kolhapur,East,324268.0,395718,-45.6,-22.034243280249672,-23.56575671975033,-71450.0
1234,Mumbai,North,356398.0,134943,27.68,62.136992912418144,-34.456992912418144,221455.0
1235,Pune,North,187739.0,270092,91.62,-43.86568587240797,135.48568587240797,-82353.0
1236,Kolhapur,West,260933.0,154884,-25.96,40.642233830140306,-66.6022338301403,106049.0
1237,Nagpur,East,124042.0,193523,-11.69,-56.01409200109641,44.32409200109641,-69481.0
1238,Kolhapur,East,242557.0,476912,54.84,-96.6185267792725,151.45852677927252,-234355.0
1239,Nashik,West,888354.0,247414,53.58,72.14916576049639,-18.56916576049639,640940.0
1240,Pune,East,82224.0,86131,39.51,-4.751654018291497,44.261654018291495,-3907.0
1241,Nagpur,South,334277.0,234837,-13.74,29.74778402342967,-43.48778402342967,99440.0
1242,Pune,West,77741.0,203843,-40.02,-162.20784399480326,122.18784399480325,-126102.0
1243,Kolhapur,West,116821.0,332210,-16.66,-184.3752407529468,167.7152407529468,-215389.0
1244,Kolhapur,South,678627.0,321507,45.86,52.6239009057995,-6.7639009057995025,357120.0
1245,Mumbai,North,695024.0,196918,-5.56,71.66745321024885,-77.22745321024885,498106.0
1246,Mumbai,North,325740.0,136796,76.26,58.00454350095168,18.25545649904833,188944.0
1247,Pune,North,457796.0,462368,42.44,-0.9986981100752299,43.43869811007523,-4572.0
1248,Pune,East,,59554,-42.5,,,
1249,Kolhapur,East,498436.0,187599,-36.77,62.36246980555177,-99.13246980555178,310837.0
1250,Nagpur,West,366272.0,145010,-7.91,60.40920408876463,-68.31920408876464,221262.0
1251,Nashik,South,912370.0,319590,36.04,64.9714479871105,-28.931447987110495,592780.0
1252,Solapur,East,194921.0,53263,90.53,72.67457072352389,17.855429276476116,141658.0
1253,Nashik,West,553062.0,309277,-34.51,44.07914483367145,-78.58914483367144,243785.0
1254,Kolhapur,South,895220.0,339150,74.6,62.115457652867455,12.484542347132539,556070.0
1255,Nagpur,South,851690.0,146308,35.92,82.82144911881083,-46.90144911881083,705382.0
1256,Nagpur,North,696063.0,496671,4.59,28.64568293387236,-24.05568293387236,199392.0
1257,Pune,North,393190.0,88843,46.44,77.40456267962054,-30.964562679620542,304347.0
1258,Mumbai,South,169077.0,225065,67.75,-33.11390668157112,100.86390668157112,-55988.0
1259,Kolhapur,West,171585.0,71133,3.81,58.54357898417694,-54.73357898417694,100452.0
1260,Kolhapur,East,531181.0,175939,87.95,66.87776859488574,21.072231405114266,355242.0
1261,Solapur,South,692354.0,439749,32.64,36.48494845122582,-3.844948451225818,252605.0
1262,Nashik,East,292544.0,101636,-26.46,65.25787573835046,-91.71787573835047,190908.0
1263,Solapur,South,709818.0,27976,32.02,96.05870800684119,-64.03870800684118,681842.0
1264,Nashik,North,426041.0,483658,64.82,-13.523815782988022,78.34381578298802,-57617.0
1265,Kolhapur,East,504161.0,416486,37.99,17.39027810560515,20.59972189439485,87675.0
1266,Nashik,North,61825.0,93928,37.62,-51.92559644156894,89.54559644156893,-32103.0
1267,Mumbai,East,724495.0,69597,-45.84,90.39372252396497,-136.23372252396496,654898.0
1268,Kolhapur,West,472109.0,191740,19.5,59.38649760966217,-39.88649760966217,280369.0
1269,Solapur,East,549794.0,362968,4.84,33.98109109957548,-29.14109109957548,186826.0
1270,Mumbai,North,114502.0,345269,-43.43,-201.5397110967494,158.10971109674938,-230767.0
1271,Nagpur,East,247228.0,396996,52.18,-60.57889883022959,112.75889883022958,-149768.0
1272,Pune,South,761743.0,195224,-22.53,74.37140872971592,-96.90140872971593,566519.0
1273,Pune,West,66041.0,132925,2.49,-101.27647976257173,103.76647976257172,-66884.0
1274,Pune,West,831738.0,147776,36.64,82.23286659981869,-45.59286659981869,683962.0
1275,Nagpur,West,441168.0,269966,16.04,38.8065317520763,-22.766531752076304,171202.0
1276,Pune,West,243708.0,105360,55.27,56.76793539809937,-1.497935398099365,138348.0
1277,Nagpur,North,548115.0,219189,76.71,60.010399277523874,16.69960072247612,328926.0
1278,Pune,North,406944.0,427721,-24.61,-5.105616497601636,-19.504383502398362,-20777.0
1279,Nashik,West,667636.0,450223,-8.21,32.564601070044155,-40.774601070044156,217413.0
1280,Kolhapur,North,594325.0,256610,-22.13,56.823286922138564,-78.95328692213856,337715.0
1281,Kolhapur,North,605111.0,21453,24.88,96.45470004676828,-71.57470004676829,583658.0
1282,Mumbai,East,426304.0,290311,-38.11,31.900474778561776,-70.01047477856177,135993.0
1283,Kolhapur,East,748219.0,332592,61.19,55.54884331993708,5.64115668006292,415627.0
1284,Nagpur,North,314049.0,318743,-30.81,-1.494671213727794,-29.315328786272204,-4694.0
1285,Kolhapur,East,,133738,92.02,,,
1286,Kolhapur,South,597960.0,286715,76.06,52.05114054451803,24.008859455481975,311245.0
1287,Nagpur,East,710254.0,274736,95.39,61.3186268574341,34.0713731425659,435518.0
1288,Mumbai,South,750709.0,470784,-43.91,37.288083664908775,-81.19808366490878,279925.0
1289,Nashik,West,223333.0,489874,-19.23,-119.34689454760381,100.1168945476038,-266541.0
1290,Mumbai,North,381988.0,451723,94.15,-18.255809083007843,112.40580908300785,-69735.0
1291,Nagpur,West,70949.0,354685,97.7,-399.9154322118705,497.6154322118705,-283736.0
1292,Kolhapur,West,,373494,-7.89,,,
1293,Pune,South,995836.0,225541,39.81,77.35159202920963,-37.541592029209625,770295.0
1294,Pune,East,706546.0,98725,-18.88,86.02709519266969,-104.90709519266969,607821.0
1295,Nashik,North,217547.0,213456,84.22,1.8805131764630172,82.33948682353699,4091.0
1296,Nagpur,East,446636.0,295728,-29.47,33.78769288637727,-63.25769288637727,150908.0
1297,Nagpur,North,373351.0,469087,53.23,-25.642357995559138,78.87235799555913,-95736.0
1298,Kolhapur,East,,45164,-6.48,,,
1299,Nashik,South,848992.0,443017,6.07,47.81847178772002,-41.74847178772002,405975.0
1300,Solapur,East,575283.0,343346,32.19,40.31702657648496,-8.127026576484965,231937.0
1301,Nashik,South,958204.0,294366,14.12,69.27940188101907,-55.15940188101907,663838.0
1302,Mumbai,West,953231.0,345393,28.51,63.76607558923283,-35.25607558923282,607838.0
1303,Mumbai,North,213633.0,285632,51.95,-33.70219020469684,85.65219020469684,-71999.0
1304,Solapur,East,940363.0,309537,-5.56,67.08324338579888,-72.64324338579888,630826.0
1305,Mumbai,East,420198.0,110686,60.82,73.65860856072614,-12.838608560726136,309512.0
1306,Nashik,East,226713.0,490123,12.58,-116.18654422110775,128.76654422110775,-263410.0
1307,Mumbai,North,212676.0,466040,-46.73,-119.13144877654271,72.40144877654271,-253364.0
1308,Nashik,North,791084.0,186678,77.0,76.40225311092121,0.5977468890787918,604406.0
1309,Mumbai,North,425396.0,369386,-7.76,13.166555397794056,-20.926555397794054,56010.0
1310,Mumbai,South,305379.0,147364,79.04,51.74389856538924,27.29610143461077,158015.0
1311,Pune,East,634331.0,469000,61.69,26.06383733413628,35.62616266586372,165331.0
1312,Pune,North,151541.0,354847,11.01,-134.15907246223796,145.16907246223795,-203306.0
1313,Nashik,West,650377.0,276911,47.54,57.42300235094414,-9.883002350944139,373466.0
1314,Solapur,East,656661.0,363562,98.79,44.6347506552087,54.15524934479131,293099.0
1315,Pune,North,721157.0,258275,-3.87,64.18602329312479,-68.0560232931248,462882.0
1316,Nashik,North,203817.0,395196,17.57,-93.89746684525825,111.46746684525826,-191379.0
1317,Nashik,West,696103.0,86440,-27.72,87.58229744736053,-115.30229744736053,609663.0
1318,Kolhapur,North,742973.0,234141,80.71,68.48593421295256,12.224065787047437,508832.0
1319,Pune,East,650191.0,187825,32.93,71.1123346831931,-38.1823346831931,462366.0
1320,Kolhapur,South,534803.0,41265,-34.71,92.284074696664,-126.994074696664,493538.0
1321,Solapur,West,815021.0,301656,39.63,62.98794754981773,-23.35794754981773,513365.0
1322,Mumbai,South,159560.0,344517,20.19,-115.91689646527952,136.10689646527953,-184957.0
1323,Solapur,East,443661.0,371258,-3.89,16.319442096555704,-20.209442096555705,72403.0
1324,Kolhapur,North,415244.0,261861,-47.2,36.9380412480373,-84.1380412480373,153383.0
1325,Pune,North,331247.0,173187,-17.55,47.71665856596437,-65.26665856596438,158060.0
1326,Kolhapur,South,134485.0,70906,-19.1,47.27590437595271,-66.37590437595271,63579.0
1327,Nashik,North,152201.0,149226,57.31,1.9546520719311962,55.35534792806881,2975.0
1328,Pune,East,898320.0,279897,-11.11,68.84217205450173,-79.95217205450173,618423.0
1329,Pune,West,64441.0,491589,96.79,-662.8512903275864,759.6412903275864,-427148.0
1330,Pune,South,218565.0,20520,-22.39,90.61148857319333,-113.00148857319333,198045.0
1331,Pune,South,293484.0,476524,83.96,-62.36796554497008,146.32796554497008,-183040.0
1332,Solapur,East,681032.0,272689,4.79,59.95944390278284,-55.16944390278284,408343.0
1333,Nagpur,East,77399.0,147982,99.91,-91.19368467292858,191.10368467292858,-70583.0
1334,Pune,West,706253.0,49137,70.57,93.04257822621639,-22.4725782262164,657116.0
1335,Solapur,East,659078.0,137312,40.61,79.1660471143021,-38.5560471143021,521766.0
1336,Solapur,South,818810.0,30204,74.59,96.31123215397956,-21.721232153979557,788606.0
1337,Pune,East,746535.0,449047,84.51,39.84916983128721,44.66083016871279,297488.0
1338,Solapur,South,518661.0,388470,99.64,25.101366788711704,74.5386332112883,130191.0
1339,Pune,South,449628.0,143172,-24.47,68.15767701299741,-92.62767701299741,306456.0
1340,Nashik,North,842459.0,230719,37.71,72.61362274009774,-34.90362274009774,611740.0
1341,Mumbai,East,275732.0,272981,8.02,0.9977079192839423,7.022292080716057,2751.0
1342,Solapur,North,283937.0,279985,7.82,1.3918580530188034,6.428141946981197,3952.0
1343,Nagpur,East,454238.0,329039,44.85,27.562423223068084,17.287576776931918,125199.0
1344,Nagpur,South,,362711,25.62,,,
1345,Nashik,East,888090.0,25230,71.58,97.1590717157045,-25.5790717157045,862860.0
1346,Solapur,North,342356.0,122607,-0.76,64.1872787390903,-64.94727873909031,219749.0
1347,Nashik,West,996834.0,360090,29.5,63.87663342141219,-34.37663342141219,636744.0
1348,Nagpur,East,,259141,94.84,,,
1349,Nashik,South,230899.0,125780,-36.42,45.52596589850974,-81.94596589850974,105119.0
1350,Kolhapur,West,267992.0,199672,-9.72,25.49329830741216,-35.21329830741216,68320.0
1351,Pune,South,358346.0,234458,-34.75,34.572173262712575,-69.32217326271257,123888.0
1352,Mumbai,West,,297054,-40.59,,,
1353,Pune,East,870510.0,350159,-47.5,59.77541900724862,-107.27541900724862,520351.0
1354,Kolhapur,East,219518.0,479776,4.82,-118.55884255505242,123.37884255505242,-260258.0
1355,Solapur,East,217517.0,32202,77.28,85.1956398810208,-7.915639881020795,185315.0
1356,Kolhapur,South,519431.0,441632,-13.75,14.977735252612955,-28.727735252612955,77799.0
1357,Nagpur,West,491869.0,66944,-1.34,86.3898721000917,-87.7298721000917,424925.0
1358,Solapur,North,450058.0,159401,78.45,64.58212052668767,13.867879473312328,290657.0
1359,Nashik,South,184166.0,186917,-27.5,-1.4937610633884648,-26.006238936611535,-2751.0
1360,Kolhapur,South,435044.0,422920,-14.47,2.7868445490571068,-17.256844549057107,12124.0
1361,Mumbai,South,675607.0,78220,56.79,88.4222632388356,-31.6322632388356,597387.0
1362,Pune,North,479507.0,481975,61.16,-0.5146953016327186,61.67469530163272,-2468.0
1363,Kolhapur,West,224791.0,38373,3.8,82.92947671392538,-79.12947671392538,186418.0
1364,Pune,South,861112.0,47400,-48.43,94.49548955304304,-142.92548955304304,813712.0
1365,Kolhapur,East,887706.0,90816,7.23,89.76958587640502,-82.53958587640501,796890.0
1366,Mumbai,West,292711.0,497710,57.32,-70.03460751389596,127.35460751389596,-204999.0
1367,Mumbai,South,272344.0,35397,57.22,87.00283465029521,-29.782834650295214,236947.0
1368,Nashik,East,557344.0,367619,12.97,34.04091548487111,-21.070915484871108,189725.0
1369,Pune,West,620129.0,451495,2.32,27.193374281802658,-24.873374281802658,168634.0
1370,Nagpur,South,747492.0,323473,55.31,56.72555692903737,-1.4155569290373649,424019.0
1371,Mumbai,East,108846.0,109030,92.34,-0.16904617533028315,92.50904617533028,-184.0
1372,Nashik,North,373464.0,189481,68.92,49.26391834286571,19.656081657134294,183983.0
1373,Mumbai,East,609020.0,316593,-15.61,48.01599290663689,-63.62599290663689,292427.0
1374,Kolhapur,North,923057.0,322105,94.4,65.10453850628942,29.29546149371059,600952.0
1375,Kolhapur,West,120736.0,264483,41.46,-119.05893851046912,160.51893851046913,-143747.0
1376,Solapur,West,160996.0,394440,-33.13,-144.99987577331115,111.86987577331115,-233444.0
1377,Mumbai,West,128550.0,243978,0.53,-89.79229871645275,90.32229871645275,-115428.0
1378,Solapur,North,447483.0,23271,58.61,94.79957897841929,-36.18957897841929,424212.0
1379,Solapur,North,730483.0,132472,80.47,81.86514949697666,-1.3951494969766571,598011.0
1380,Nagpur,East,798769.0,476145,29.42,40.39015034384158,-10.970150343841581,322624.0
1381,Solapur,South,265881.0,410382,-29.34,-54.34799778848433,25.007997788484328,-144501.0
1382,Solapur,North,786093.0,359588,-31.47,54.25630300740497,-85.72630300740497,426505.0
1383,Solapur,West,101491.0,324643,-1.11,-219.8736833807924,218.76368338079237,-223152.0
1384,Mumbai,North,823023.0,235914,-44.37,71.33567348664617,-115.70567348664616,587109.0
1385,Kolhapur,South,162794.0,220711,12.78,-35.57686401218718,48.35686401218718,-57917.0
1386,Kolhapur,East,320839.0,465441,66.57,-45.06995720595065,111.63995720595065,-144602.0
1387,Mumbai,South,979088.0,71997,19.15,92.64652411223506,-73.49652411223505,907091.0
1388,Nashik,West,160800.0,438950,74.55,-172.97885572139305,247.52885572139303,-278150.0
1389,Pune,West,273275.0,234513,48.59,14.184246638002012,34.405753361997995,38762.0
1390,Nagpur,North,839704.0,410807,-21.0,51.07716528681535,-72.07716528681536,428897.0
1391,Mumbai,West,789537.0,473749,-17.84,39.996605605563765,-57.83660560556376,315788.0
1392,Nashik,North,503525.0,49446,2.45,90.18003078298,-87.73003078298,454079.0
1393,Nashik,West,744621.0,473731,30.71,36.37958102175469,-5.669581021754688,270890.0
1394,Nagpur,West,651591.0,389920,51.74,40.158780584753316,11.581219415246686,261671.0
1395,Nashik,East,268875.0,25917,-24.04,90.36094839609484,-114.40094839609483,242958.0
1396,Kolhapur,West,292921.0,228111,-27.01,22.125419481703258,-49.13541948170326,64810.0
1397,Kolhapur,South,516918.0,219231,-48.14,57.58882453309809,-105.72882453309809,297687.0
1398,Kolhapur,West,86814.0,87041,-33.07,-0.2614785633653558,-32.80852143663464,-227.0
1399,Mumbai,West,140607.0,234585,62.78,-66.83735518146324,129.61735518146324,-93978.0
1400,Kolhapur,West,358287.0,117596,-41.69,67.17826770159118,-108.86826770159118,240691.0
1401,Kolhapur,East,854747.0,345701,40.87,59.55516661655437,-18.68516661655437,509046.0
1402,Solapur,West,,450528,40.13,,,
1403,Mumbai,East,567940.0,228473,98.88,59.771630806071066,39.10836919392893,339467.0
1404,Nashik,West,255785.0,51718,51.65,79.78067517641769,-28.13067517641769,204067.0
1405,Pune,North,683776.0,240446,54.89,64.83556018345189,-9.945560183451889,443330.0
1406,Kolhapur,South,,301277,-36.56,,,
1407,Pune,North,308658.0,177863,81.45,42.375379870277136,39.07462012972287,130795.0
1408,Solapur,North,370620.0,166023,-2.0,55.20398251578437,-57.20398251578437,204597.0
1409,Kolhapur,West,943377.0,446561,-3.12,52.663569283542,-55.783569283542,496816.0
1410,Nashik,North,674319.0,447914,19.85,33.57535528436838,-13.725355284368376,226405.0
1411,Solapur,West,553190.0,20620,56.15,96.27252842603808,-40.12252842603808,532570.0
1412,Kolhapur,North,741045.0,274003,-5.83,63.02478257055915,-68.85478257055915,467042.0
1413,Solapur,North,767738.0,280413,66.63,63.47543042027358,3.154569579726413,487325.0
1414,Solapur,North,179730.0,33160,-13.16,81.55010293217603,-94.71010293217603,146570.0
1415,Kolhapur,West,257337.0,76101,-31.59,70.42749390876554,-102.01749390876554,181236.0
1416,Pune,East,590360.0,52605,54.5,91.08933532082119,-36.58933532082119,537755.0
1417,Nagpur,South,528802.0,41116,88.24,92.2246890140355,-3.98468901403551,487686.0
1418,Nashik,South,168529.0,150902,86.45,10.459327474796623,75.99067252520338,17627.0
1419,Solapur,South,75078.0,396884,-40.62,-428.62889261834357,388.00889261834357,-321806.0
1420,Kolhapur,South,488290.0,311023,8.75,36.30363103893178,-27.553631038931783,177267.0
1421,Solapur,West,647760.0,233210,-6.9,63.99746819809806,-70.89746819809807,414550.0
1422,Mumbai,North,53700.0,41560,18.2,22.60707635009311,-4.40707635009311,12140.0
1423,Mumbai,East,789910.0,95222,-42.43,87.94520894785481,-130.37520894785482,694688.0
1424,Mumbai,East,541465.0,31127,11.61,94.25133665149178,-82.64133665149178,510338.0
1425,Nashik,West,456769.0,336341,94.14,26.365186779312953,67.77481322068705,120428.0
1426,Nagpur,East,313492.0,260416,35.04,16.930575580876067,18.109424419123933,53076.0
1427,Nashik,South,306103.0,469109,-17.41,-53.25200994436513,35.84200994436513,-163006.0
1428,Kolhapur,West,69590.0,445766,71.38,-540.5604253484696,611.9404253484696,-376176.0
1429,Nashik,West,828037.0,107503,9.6,87.01712604629986,-77.41712604629987,720534.0
1430,Kolhapur,West,858613.0,88611,-40.43,89.67975094716711,-130.1097509471671,770002.0
1431,Pune,South,272579.0,121037,2.86,55.595625488390525,-52.735625488390525,151542.0
1432,Nashik,North,603737.0,116877,72.11,80.6410738450683,-8.531073845068306,486860.0
1433,Mumbai,North,859751.0,391706,-16.86,54.43959937237642,-71.29959937237642,468045.0
1434,Mumbai,North,489301.0,273646,-1.02,44.07409753914257,-45.094097539142574,215655.0
1435,Solapur,West,134459.0,440240,-9.27,-227.41579217456623,218.14579217456622,-305781.0
1436,Kolhapur,North,300473.0,208702,84.71,30.542178498567257,54.16782150143274,91771.0
1437,Kolhapur,North,,33606,-5.87,,,
1438,Solapur,South,821078.0,332798,-13.95,59.46816258625856,-73.41816258625856,488280.0
1439,Mumbai,West,727750.0,258306,89.08,64.50621779457231,24.57378220542769,469444.0
1440,Nashik,East,351661.0,372597,99.97,-5.95346086145464,105.92346086145464,-20936.0
1441,Nashik,West,426239.0,342623,39.04,19.617163140866978,19.42283685913302,83616.0
1442,Kolhapur,South,82218.0,361570,90.22,-339.76988007492275,429.9898800749228,-279352.0
1443,Nagpur,North,852336.0,338353,65.21,60.30286178220795,4.9071382177920455,513983.0
1444,Nashik,South,831890.0,165588,-21.86,80.09496447847673,-101.95496447847673,666302.0
1445,Pune,South,521225.0,208347,52.59,60.02743536860281,-7.437435368602806,312878.0
1446,Pune,East,171254.0,439801,68.52,-156.81210365889265,225.33210365889266,-268547.0
1447,Nashik,West,690515.0,183554,61.45,73.41781134370723,-11.967811343707226,506961.0
1448,Solapur,East,810315.0,487186,29.49,39.876961428580245,-10.386961428580246,323129.0
1449,Solapur,West,386804.0,216567,27.28,44.01117878822349,-16.731178788223488,170237.0
1450,Solapur,East,115604.0,220281,73.28,-90.54790491678489,163.8279049167849,-104677.0
1451,Pune,North,477806.0,416067,53.35,12.921353017751974,40.428646982248026,61739.0
1452,Mumbai,East,643703.0,157044,68.94,75.6030343186221,-6.6630343186220955,486659.0
1453,Kolhapur,East,517372.0,226511,-18.88,56.21892951300032,-75.09892951300031,290861.0
1454,Nagpur,East,424741.0,433559,94.96,-2.0760887223037097,97.0360887223037,-8818.0
1455,Kolhapur,South,649848.0,219280,59.92,66.25672464945649,-6.336724649456485,430568.0
1456,Solapur,North,94487.0,424038,13.35,-348.77919713823064,362.12919713823067,-329551.0
1457,Nashik,North,715759.0,36324,39.89,94.92510747332553,-55.035107473325525,679435.0
1458,Mumbai,South,118943.0,494910,45.97,-316.09005994467935,362.0600599446793,-375967.0
1459,Nagpur,South,649437.0,238318,70.19,63.303907846334596,6.886092153665402,411119.0
1460,Mumbai,South,386303.0,369052,55.12,4.465665552687916,50.65433444731208,17251.0
1461,Nashik,South,697084.0,483598,76.66,30.62557740530553,46.03442259469446,213486.0
1462,Mumbai,South,526771.0,194721,9.21,63.034981044894266,-53.824981044894265,332050.0
1463,Nagpur,North,265109.0,417201,13.19,-57.3696102357898,70.5596102357898,-152092.0
1464,Nashik,East,104399.0,118487,-21.71,-13.494382130097032,-8.21561786990297,-14088.0
1465,Pune,East,890078.0,23209,27.36,97.39247571561144,-70.03247571561144,866869.0
1466,Mumbai,East,183130.0,369811,10.23,-101.93905968437721,112.16905968437722,-186681.0
1467,Nashik,West,344489.0,468557,49.73,-36.015083210204104,85.7450832102041,-124068.0
1468,Mumbai,East,768420.0,164449,40.44,78.59907342338826,-38.159073423388264,603971.0
1469,Nashik,North,553056.0,88617,78.62,83.97684863738934,-5.356848637389334,464439.0
1470,Solapur,South,769514.0,140825,-24.76,81.69948824842693,-106.45948824842694,628689.0
1471,Mumbai,West,126190.0,160986,87.32,-27.57429273318013,114.89429273318012,-34796.0
1472,Solapur,West,338461.0,150023,-16.92,55.67495221015124,-72.59495221015123,188438.0
1473,Solapur,West,866755.0,221547,58.11,74.43948982122976,-16.329489821229757,645208.0
1474,Pune,North,790000.0,144782,24.74,81.67316455696204,-56.93316455696204,645218.0
1475,Solapur,West,542033.0,317064,55.4,41.5046685349416,13.895331465058398,224969.0
1476,Mumbai,West,703846.0,335924,30.44,52.27308246406174,-21.833082464061736,367922.0
1477,Mumbai,South,142861.0,226640,47.86,-58.643716619651265,106.50371661965127,-83779.0
1478,Nagpur,North,207621.0,498299,62.8,-140.00414216288334,202.80414216288335,-290678.0
1479,Solapur,North,787828.0,455970,-21.03,42.12315378483628,-63.153153784836285,331858.0
1480,Kolhapur,West,601129.0,335300,1.35,44.221622979427046,-42.871622979427045,265829.0
1481,Pune,West,446161.0,431049,80.08,3.387118103106278,76.69288189689372,15112.0
1482,Nashik,East,140787.0,305083,75.42,-116.69827469865825,192.11827469865824,-164296.0
1483,Nashik,East,969770.0,160996,52.17,83.39853779762211,-31.22853779762211,808774.0
1484,Nashik,North,329052.0,275615,-4.2,16.23968248179619,-20.43968248179619,53437.0
1485,Pune,West,297427.0,182486,-19.06,38.64511291846402,-57.705112918464025,114941.0
1486,Pune,North,999975.0,471140,-42.72,52.88482212055301,-95.60482212055301,528835.0
1487,Nagpur,North,263362.0,262504,90.11,0.3257873193551082,89.78421268064488,858.0
1488,Nagpur,West,80167.0,128157,45.38,-59.8625369541083,105.2425369541083,-47990.0
1489,Nashik,South,231799.0,84727,11.97,63.448073546477765,-51.478073546477766,147072.0
1490,Solapur,South,678240.0,119812,53.52,82.3348667138476,-28.8148667138476,558428.0
1491,Pune,South,750710.0,103189,18.7,86.25447909312518,-67.55447909312518,647521.0
1492,Solapur,South,944678.0,118934,2.6,87.41010164309955,-84.81010164309956,825744.0
1493,Nagpur,North,397046.0,366876,25.17,7.5986157775169625,17.57138422248304,30170.0
1494,Solapur,South,85939.0,321982,60.49,-274.6634240565983,335.1534240565983,-236043.0
1495,Mumbai,South,782387.0,95006,75.66,87.8569045753572,-12.196904575357209,687381.0
1496,Pune,North,593338.0,252822,-35.06,57.38988569752822,-92.44988569752823,340516.0
1497,Pune,South,232904.0,370413,-40.27,-59.041064129426715,18.771064129426712,-137509.0
1498,Nashik,West,582253.0,34952,1.04,93.99711122141062,-92.95711122141061,547301.0
1499,Kolhapur,South,101014.0,232018,-44.13,-129.68895400637535,85.55895400637536,-131004.0
1500,Nashik,South,757389.0,429626,24.22,43.275384247724745,-19.055384247724746,327763.0
1501,Nashik,South,629391.0,62900,73.59,90.00621235448236,-16.416212354482354,566491.0
1502,Mumbai,West,235133.0,498806,2.15,-112.1378113663331,114.2878113663331,-263673.0
1503,Nashik,West,103814.0,218245,21.37,-110.22694434276687,131.59694434276688,-114431.0
1504,Nashik,West,645900.0,329571,36.15,48.97491871806781,-12.824918718067813,316329.0
1505,Pune,West,221265.0,280739,87.05,-26.879081644182317,113.92908164418232,-59474.0
1506,Kolhapur,North,63927.0,254606,88.99,-298.2761587435669,387.2661587435669,-190679.0
1507,Solapur,South,767178.0,81892,44.78,89.32555417386838,-44.54555417386838,685286.0
1508,Pune,South,698309.0,159788,-48.47,77.11786615953682,-125.58786615953682,538521.0
1509,Solapur,East,365327.0,109068,-21.56,70.14510288043314,-91.70510288043315,256259.0
1510,Pune,West,79853.0,411839,-19.75,-415.7464340726084,395.9964340726084,-331986.0
1511,Mumbai,West,708729.0,296722,39.84,58.13322158399049,-18.293221583990487,412007.0
1512,Solapur,South,516524.0,34750,56.14,93.27233584499461,-37.132335844994614,481774.0
1513,Mumbai,South,612349.0,424973,-36.65,30.59954372424875,-67.24954372424875,187376.0
1514,Pune,South,,289371,-6.55,,,
1515,Nagpur,West,943560.0,228782,26.07,75.75331722412989,-49.68331722412989,714778.0
1516,Mumbai,West,510682.0,212913,65.71,58.30810563129305,7.401894368706941,297769.0
1517,Nashik,North,518806.0,168583,1.67,67.50558012050747,-65.83558012050747,350223.0
1518,Nagpur,East,213986.0,236304,24.58,-10.429654276447991,35.00965427644799,-22318.0
1519,Pune,North,401069.0,412209,24.42,-2.7775769256661573,27.19757692566616,-11140.0
1520,Nagpur,North,721288.0,411579,89.01,42.93832699282395,46.07167300717605,309709.0
1521,Mumbai,North,164239.0,240935,76.78,-46.697800157088146,123.47780015708815,-76696.0
1522,Nagpur,South,588533.0,71483,78.68,87.85403707183794,-9.17403707183793,517050.0
1523,Pune,North,183638.0,395229,-25.01,-115.22179505331141,90.2117950533114,-211591.0
1524,Nagpur,North,976883.0,461037,85.12,52.80530012294206,32.31469987705795,515846.0
1525,Mumbai,East,478631.0,24036,9.06,94.97817734329786,-85.91817734329786,454595.0
1526,Solapur,North,698900.0,195121,31.71,72.08169981399341,-40.37169981399341,503779.0
1527,Solapur,North,926106.0,81190,42.15,91.233184970187,-49.083184970187,844916.0
1528,Kolhapur,West,838335.0,185585,14.53,77.86266826507303,-63.332668265073025,652750.0
1529,Kolhapur,West,99318.0,329650,1.49,-231.91365110050546,233.40365110050547,-230332.0
1530,Mumbai,East,314730.0,200082,-12.8,36.42741397388238,-49.22741397388238,114648.0
1531,Pune,South,837353.0,423407,27.03,49.43506502036775,-22.40506502036775,413946.0
1532,Nagpur,East,387137.0,288541,75.64,25.46798678503992,50.17201321496008,98596.0
1533,Nashik,West,182856.0,20654,64.78,88.70477315483221,-23.92477315483221,162202.0
1534,Kolhapur,South,620056.0,235991,26.49,61.94037312758848,-35.45037312758848,384065.0
1535,Mumbai,North,278807.0,216511,1.42,22.343771856517233,-20.923771856517234,62296.0
1536,Nagpur,North,500718.0,426442,-48.09,14.833898521722805,-62.923898521722805,74276.0
1537,Pune,North,61579.0,216097,-18.84,-250.92645219961352,232.08645219961352,-154518.0
1538,Kolhapur,East,486359.0,133756,-21.98,72.49850419134837,-94.47850419134838,352603.0
1539,Nagpur,North,100981.0,435718,38.25,-331.48513086620255,369.73513086620255,-334737.0
1540,Pune,West,490746.0,259224,88.11,47.17756232348302,40.932437676516976,231522.0
1541,Mumbai,West,118188.0,75897,-2.57,35.78282059092294,-38.35282059092294,42291.0
1542,Nagpur,West,438639.0,76596,68.97,82.53780443599406,-13.567804435994063,362043.0
1543,Nashik,South,335267.0,266335,-0.54,20.560329528405717,-21.100329528405716,68932.0
1544,Kolhapur,South,995324.0,430464,94.62,56.751369403329974,37.86863059667003,564860.0
1545,Nashik,East,954948.0,417476,-20.77,56.28285519211518,-77.05285519211517,537472.0
1546,Nagpur,East,,67502,11.03,,,
1547,Mumbai,East,950693.0,104508,-27.6,89.0071768699254,-116.60717686992541,846185.0
1548,Solapur,South,990730.0,406514,-16.07,58.968235543488134,-75.03823554348813,584216.0
1549,Pune,South,106960.0,371902,-34.11,-247.70194465220646,213.59194465220645,-264942.0
1550,Solapur,North,455408.0,434758,-33.57,4.534395531040298,-38.104395531040296,20650.0
1551,Pune,North,527544.0,379038,44.27,28.150448114280515,16.11955188571949,148506.0
1552,Pune,West,629812.0,436697,67.58,30.66232463020711,36.91767536979289,193115.0
1553,Pune,East,224110.0,150800,-37.85,32.71161483200214,-70.56161483200214,73310.0
1554,Solapur,North,636342.0,322246,-16.8,49.35962108425972,-66.15962108425973,314096.0
1555,Nashik,East,319006.0,363767,-1.84,-14.03139752857313,12.19139752857313,-44761.0
1556,Nashik,West,565205.0,94738,90.52,83.23829407029308,7.281705929706916,470467.0
1557,Nashik,South,528963.0,202030,39.71,61.806402338159764,-22.096402338159763,326933.0
1558,Mumbai,North,910448.0,44568,-33.91,95.10482751348786,-129.01482751348786,865880.0
1559,Solapur,North,298901.0,353623,5.46,-18.307733998882572,23.767733998882573,-54722.0
1560,Pune,North,503578.0,357407,57.28,29.02648646287169,28.25351353712831,146171.0
1561,Mumbai,East,926590.0,128317,96.74,86.1516960036262,10.588303996373796,798273.0
1562,Mumbai,North,804517.0,472888,60.76,41.22088159728135,19.53911840271865,331629.0
1563,Solapur,West,189921.0,492763,-22.82,-159.4568267858741,136.63682678587412,-302842.0
1564,Nagpur,South,764357.0,390222,72.88,48.9476775904453,23.932322409554693,374135.0
1565,Kolhapur,South,721991.0,31600,-49.5,95.62321413978844,-145.12321413978844,690391.0
1566,Nagpur,West,699406.0,70871,22.36,89.86697283123107,-67.50697283123107,628535.0
1567,Nashik,West,714027.0,455164,1.76,36.2539511811178,-34.4939511811178,258863.0
1568,Nashik,North,703737.0,388024,91.95,44.86235624956482,47.087643750435184,315713.0
1569,Nashik,South,237225.0,129997,-43.11,45.200969543682156,-88.31096954368215,107228.0
1570,Nagpur,North,149665.0,311714,-11.66,-108.27447967126582,96.61447967126583,-162049.0
1571,Kolhapur,East,75223.0,495797,-11.02,-559.1029339430759,548.0829339430759,-420574.0
1572,Mumbai,North,221013.0,415123,13.51,-87.82741286711642,101.33741286711643,-194110.0
1573,Mumbai,North,821574.0,462787,88.5,43.67068578119561,44.82931421880439,358787.0
1574,Mumbai,East,51241.0,394133,47.89,-669.1750746472551,717.0650746472551,-342892.0
1575,Nashik,South,96126.0,482084,-31.79,-401.51259804839486,369.72259804839484,-385958.0
1576,Kolhapur,East,543086.0,473927,73.73,12.734447214621625,60.99555278537838,69159.0
1577,Nagpur,North,789168.0,133094,44.48,83.13489649859092,-38.65489649859092,656074.0
1578,Kolhapur,North,815148.0,353594,-47.58,56.622110340698875,-104.20211034069888,461554.0
1579,Kolhapur,North,672162.0,272750,87.79,59.42198458109801,28.368015418901997,399412.0
1580,Nashik,North,894954.0,331787,-42.88,62.926921383668876,-105.80692138366888,563167.0
1581,Pune,West,718986.0,159067,41.49,77.87620343094302,-36.38620343094302,559919.0
1582,Nashik,West,242081.0,129133,40.13,46.65711063652249,-6.527110636522487,112948.0
1583,Pune,North,698963.0,230379,41.32,67.03988623146003,-25.71988623146003,468584.0
1584,Kolhapur,North,213926.0,348782,77.24,-63.03862083150248,140.27862083150248,-134856.0
1585,Pune,North,213719.0,448462,-31.45,-109.83721615766497,78.38721615766497,-234743.0
1586,Nagpur,North,789479.0,280071,30.2,64.52457886783563,-34.324578867835626,509408.0
1587,Kolhapur,North,102100.0,80889,36.04,20.774730656219393,15.265269343780606,21211.0
1588,Mumbai,North,761855.0,269266,9.65,64.65652912955878,-55.00652912955878,492589.0
1589,Solapur,North,614426.0,309963,29.21,49.55242779439672,-20.34242779439672,304463.0
1590,Nashik,South,566970.0,486922,25.14,14.118560064906433,11.021439935093568,80048.0
1591,Nagpur,South,515400.0,117140,63.85,77.2720217306946,-13.422021730694603,398260.0
1592,Nashik,West,186842.0,230714,-28.12,-23.48080196101519,-4.639198038984812,-43872.0
1593,Pune,West,493724.0,466772,-45.56,5.458920368464972,-51.018920368464975,26952.0
1594,Mumbai,North,677221.0,363921,89.72,46.2625937470929,43.4574062529071,313300.0
1595,Mumbai,South,239159.0,433444,-2.95,-81.23675044635577,78.28675044635577,-194285.0
1596,Solapur,East,892003.0,273973,68.76,69.28564141600421,-0.5256414160042056,618030.0
1597,Pune,North,597456.0,449606,-2.04,24.746592217669587,-26.786592217669586,147850.0
1598,Solapur,South,147812.0,110772,-49.41,25.05885855005006,-74.46885855005006,37040.0
1599,Nashik,East,184962.0,330584,-17.66,-78.73076631956835,61.07076631956835,-145622.0
1600,Mumbai,East,138408.0,202900,-34.18,-46.59557251025952,12.415572510259523,-64492.0
1601,Mumbai,South,960427.0,459729,73.41,52.13285340791127,21.277146592088727,500698.0
1602,Solapur,North,195508.0,141767,-24.38,27.48787773390347,-51.86787773390347,53741.0
1603,Kolhapur,South,259503.0,150348,99.05,42.063097536444666,56.98690246355533,109155.0
1604,Kolhapur,East,132615.0,68342,41.91,48.46585981977906,-6.555859819779066,64273.0
1605,Kolhapur,East,478131.0,453559,-1.56,5.139177338428171,-6.699177338428171,24572.0
1606,Pune,West,564083.0,485975,25.72,13.846898417431477,11.873101582568522,78108.0
1607,Mumbai,North,910545.0,226916,94.26,75.07910097798572,19.180899022014287,683629.0
1608,Nagpur,East,958583.0,404398,45.42,57.81293847272484,-12.392938472724836,554185.0
1609,Kolhapur,South,662508.0,238401,63.04,64.01537792751182,-0.975377927511822,424107.0
1610,Nagpur,North,,344764,24.06,,,
1611,Pune,South,798653.0,352900,29.91,55.81310030764299,-25.90310030764299,445753.0
1612,Pune,East,398559.0,396994,97.59,0.3926645741282972,97.1973354258717,1565.0
1613,Kolhapur,North,704298.0,263965,40.67,62.52083635052208,-21.85083635052208,440333.0
1614,Solapur,West,460952.0,332600,31.29,27.84498169006751,3.4450183099324896,128352.0
1615,Pune,East,417095.0,84820,81.01,79.66410529975185,1.3458947002481523,332275.0
1616,Solapur,South,418999.0,360406,17.38,13.984042921343487,3.3959570786565116,58593.0
1617,Pune,West,843708.0,255033,21.04,69.77236200201966,-48.73236200201966,588675.0
1618,Nagpur,South,473422.0,219931,56.53,53.54440647033725,2.9855935296627507,253491.0
1619,Mumbai,North,437204.0,488069,-26.03,-11.634157052542978,-14.395842947457023,-50865.0
1620,Pune,South,183304.0,293070,-30.47,-59.88194474752324,29.411944747523243,-109766.0
1621,Pune,South,324060.0,181787,42.75,43.90328951428748,-1.1532895142874793,142273.0
1622,Kolhapur,South,872508.0,409251,-22.48,53.094871336423274,-75.57487133642327,463257.0
1623,Pune,North,886440.0,234526,15.33,73.5429357880962,-58.2129357880962,651914.0
1624,Nagpur,South,509652.0,238621,70.67,53.17962060386303,17.490379396136973,271031.0
1625,Nashik,West,199997.0,300949,-3.51,-50.47675715135726,46.966757151357264,-100952.0
1626,Pune,East,414168.0,372035,61.34,10.172924996619729,51.167075003380276,42133.0
1627,Nagpur,West,688000.0,136609,-0.82,80.14404069767443,-80.96404069767442,551391.0
1628,Mumbai,South,127458.0,410392,-44.04,-221.9821431373472,177.94214313734722,-282934.0
1629,Nagpur,North,157524.0,46127,-36.25,70.71747797161068,-106.96747797161068,111397.0
1630,Pune,East,114735.0,327021,15.08,-185.02287880768728,200.1028788076873,-212286.0
1631,Mumbai,East,107223.0,480435,-2.32,-348.0708430094289,345.75084300942893,-373212.0
1632,Kolhapur,South,107490.0,208021,20.34,-93.52590938691972,113.86590938691972,-100531.0
1633,Nagpur,North,444114.0,232213,28.46,47.71319976402455,-19.25319976402455,211901.0
1634,Solapur,West,370790.0,351538,91.4,5.192157285795194,86.20784271420482,19252.0
1635,Pune,South,911994.0,132692,20.82,85.45034287506277,-64.63034287506278,779302.0
1636,Nashik,South,605785.0,206771,78.62,65.86726313791196,12.752736862088042,399014.0
1637,Nagpur,South,709539.0,458124,77.6,35.43357024772423,42.16642975227577,251415.0
1638,Nashik,West,870116.0,132502,83.12,84.7719154687421,-1.6519154687420894,737614.0
1639,Nagpur,East,547554.0,340132,30.69,37.88156054014764,-7.191560540147638,207422.0
1640,Mumbai,West,157853.0,318293,-7.07,-101.63886654038885,94.56886654038885,-160440.0
1641,Nashik,West,651409.0,281103,67.94,56.846927199347874,11.093072800652124,370306.0
1642,Kolhapur,North,225839.0,145485,-1.6,35.58021422340694,-37.18021422340694,80354.0
1643,Pune,East,814324.0,365892,84.37,55.06800732877822,29.301992671221782,448432.0
1644,Nashik,South,575676.0,62936,-34.27,89.06746155823761,-123.3374615582376,512740.0
1645,Pune,North,960443.0,198039,51.72,79.38045256199483,-27.66045256199483,762404.0
1646,Mumbai,South,,27694,22.19,,,
1647,Kolhapur,North,699947.0,273842,41.06,60.876752096944486,-19.816752096944484,426105.0
1648,Kolhapur,North,213095.0,330243,-33.32,-54.974541870996504,21.654541870996503,-117148.0
1649,Pune,West,914554.0,167929,95.69,81.63815367927974,14.051846320720259,746625.0
1650,Nagpur,North,440524.0,53651,57.17,87.82109487791811,-30.651094877918112,386873.0
1651,Pune,North,351038.0,247174,-7.24,29.58767996627146,-36.82767996627146,103864.0
1652,Nashik,East,511732.0,203606,83.42,60.21237679097653,23.207623209023474,308126.0
1653,Nashik,East,147907.0,80983,17.93,45.247351376202616,-27.317351376202616,66924.0
1654,Nagpur,North,594402.0,313232,-22.09,47.30300369110467,-69.39300369110467,281170.0
1655,Pune,East,117404.0,438879,14.59,-273.8194610064393,288.4094610064393,-321475.0
1656,Pune,North,125155.0,486333,-2.1,-288.584555151612,286.48455515161197,-361178.0
1657,Pune,East,205344.0,244843,56.26,-19.23552672588437,75.49552672588436,-39499.0
1658,Solapur,East,692842.0,465906,-46.81,32.754365353139676,-79.56436535313968,226936.0
1659,Kolhapur,North,212418.0,169934,82.03,20.000188307958837,62.029811692041164,42484.0
1660,Solapur,South,861779.0,402728,14.85,53.26783316836451,-38.41783316836451,459051.0
1661,Kolhapur,North,,195779,-33.06,,,
1662,Nashik,North,907659.0,46485,65.18,94.87858325648729,-29.698583256487282,861174.0
1663,Kolhapur,South,788905.0,297148,98.25,62.334121345409145,35.915878654590855,491757.0
1664,Nashik,East,590452.0,417535,85.41,29.285530407213457,56.12446959278654,172917.0
1665,Mumbai,West,115419.0,175261,-25.29,-51.8476160770757,26.5576160770757,-59842.0
1666,Pune,West,224121.0,290530,-17.51,-29.630869039492058,12.120869039492057,-66409.0
1667,Nashik,West,895164.0,109368,98.15,87.78235049666877,10.367649503331236,785796.0
1668,Mumbai,South,900418.0,197761,-19.59,78.03675626209161,-97.62675626209162,702657.0
1669,Kolhapur,North,,237532,-4.75,,,
1670,Solapur,North,228145.0,166526,43.43,27.008700607070065,16.421299392929935,61619.0
1671,Nashik,South,309927.0,418318,-6.3,-34.973074304594306,28.673074304594305,-108391.0
1672,Pune,South,319608.0,325876,7.2,-1.9611524117043377,9.161152411704338,-6268.0
1673,Kolhapur,South,518631.0,231051,61.19,55.449828490776675,5.740171509223323,287580.0
1674,Nashik,East,815988.0,422094,39.0,48.27203341225606,-9.272033412256057,393894.0
1675,Solapur,West,911226.0,307216,71.52,66.28542205775516,5.23457794224484,604010.0
1676,Mumbai,East,211475.0,407180,66.32,-92.54285376522049,158.86285376522048,-195705.0
1677,Mumbai,East,324674.0,150107,69.89,53.7668553687699,16.123144631230097,174567.0
1678,Mumbai,West,331464.0,415785,-23.33,-25.438961697197886,2.1089616971978877,-84321.0
1679,Kolhapur,West,739287.0,323777,-11.46,56.204153461375626,-67.66415346137563,415510.0
1680,Pune,South,253386.0,466588,-22.61,-84.14119169962035,61.53119169962035,-213202.0
1681,Nashik,West,382111.0,111100,-31.61,70.92467895454462,-102.53467895454462,271011.0
1682,Nashik,South,394048.0,236916,77.54,39.876360240376805,37.6636397596232,157132.0
1683,Mumbai,West,918074.0,73544,-49.43,91.98931676531521,-141.41931676531522,844530.0
1684,Nagpur,North,647626.0,417324,44.13,35.560956477967224,8.569043522032779,230302.0
1685,Solapur,East,153432.0,284443,80.93,-85.38701183586214,166.31701183586216,-131011.0
1686,Kolhapur,South,688696.0,119423,-24.88,82.65954789921824,-107.53954789921823,569273.0
1687,Nashik,North,925351.0,76729,89.75,91.70811940550126,-1.9581194055012645,848622.0
1688,Solapur,South,840310.0,53784,93.62,93.59950494460378,0.02049505539622487,786526.0
1689,Pune,West,853712.0,368049,37.12,56.88838859006316,-19.76838859006316,485663.0
1690,Nashik,North,833490.0,416070,50.07,50.08098477486232,-0.01098477486232241,417420.0
1691,Pune,West,75224.0,300760,-22.01,-299.81920663617996,277.80920663617997,-225536.0
1692,Pune,East,812543.0,310393,97.62,61.79980628717495,35.82019371282505,502150.0
1693,Nashik,East,728253.0,113335,60.92,84.43741392071162,-23.51741392071162,614918.0
1694,Solapur,South,370308.0,311829,27.43,15.791989371010079,11.638010628989921,58479.0
1695,Nashik,North,356350.0,167358,25.15,53.03549880735232,-27.88549880735232,188992.0
1696,Mumbai,South,121358.0,465238,42.7,-283.3599762685608,326.0599762685608,-343880.0
1697,Pune,East,810057.0,400303,-22.07,50.58335401089059,-72.65335401089058,409754.0
1698,Pune,East,198234.0,369796,39.55,-86.54519406358142,126.09519406358142,-171562.0
1699,Solapur,West,621568.0,456636,-39.51,26.53482804777595,-66.04482804777595,164932.0
1700,Mumbai,East,97144.0,31275,40.72,67.80552581734332,-27.085525817343324,65869.0
1701,Nagpur,East,668422.0,262052,36.21,60.79542564427861,-24.585425644278608,406370.0
1702,Solapur,South,761788.0,130262,3.64,82.90049200039905,-79.26049200039905,631526.0
1703,Nagpur,West,211026.0,212497,-36.46,-0.6970705031607479,-35.762929496839256,-1471.0
1704,Mumbai,South,665137.0,183947,32.52,72.3444944424983,-39.8244944424983,481190.0
1705,Pune,East,518066.0,490089,15.62,5.400277184760243,10.219722815239756,27977.0
1706,Mumbai,South,,69586,-3.14,,,
1707,Kolhapur,South,242269.0,258539,14.2,-6.715675550730799,20.915675550730796,-16270.0
1708,Mumbai,West,437939.0,170427,-40.86,61.08430626183099,-101.94430626183099,267512.0
1709,Solapur,East,667026.0,184224,-37.21,72.38128648658373,-109.59128648658373,482802.0
1710,Pune,South,,416973,-28.35,,,
1711,Pune,South,71637.0,397129,33.02,-454.36296885687557,487.38296885687555,-325492.0
1712,Pune,North,223071.0,449401,-7.53,-101.46096982575055,93.93096982575055,-226330.0
1713,Kolhapur,South,491267.0,143105,-14.73,70.8702192494102,-85.6002192494102,348162.0
1714,Nashik,North,759223.0,44148,44.57,94.1851076692882,-49.6151076692882,715075.0
1715,Mumbai,East,835311.0,308048,39.52,63.121759440495815,-23.60175944049581,527263.0
1716,Pune,South,922956.0,45545,0.74,95.06531188919082,-94.32531188919083,877411.0
1717,Nashik,North,508700.0,476988,90.58,6.233929624533124,84.34607037546688,31712.0
1718,Solapur,South,796203.0,31701,9.73,96.0184776997826,-86.28847769978259,764502.0
1719,Kolhapur,West,815073.0,21186,-21.57,97.4007236161669,-118.97072361616691,793887.0
1720,Kolhapur,East,86148.0,455112,83.31,-428.2908483075637,511.6008483075637,-368964.0
1721,Nashik,South,988916.0,269074,55.32,72.79101561709994,-17.471015617099944,719842.0
1722,Kolhapur,East,624423.0,459560,62.33,26.40245474622171,35.92754525377829,164863.0
1723,Solapur,West,869200.0,146410,77.34,83.15577542567878,-5.81577542567878,722790.0
1724,Nagpur,East,,203754,69.43,,,
1725,Kolhapur,East,228844.0,283910,77.17,-24.062680253797346,101.23268025379735,-55066.0
1726,Mumbai,East,989866.0,237579,-15.85,75.99887257467172,-91.84887257467172,752287.0
1727,Nashik,East,129615.0,67988,42.37,47.54619449909347,-5.176194499093469,61627.0
1728,Solapur,East,524775.0,275301,51.36,47.539231099042446,3.820768900957553,249474.0
1729,Nagpur,North,662174.0,482685,-6.09,27.106017451606373,-33.19601745160637,179489.0
1730,Pune,North,734233.0,183733,99.14,74.9761996532436,24.163800346756403,550500.0
1731,Nagpur,East,434663.0,57379,71.09,86.79919845949621,-15.709198459496207,377284.0
1732,Pune,South,634719.0,228900,87.19,63.9367972283798,23.253202771620195,405819.0
1733,Solapur,North,557998.0,338981,-27.19,39.25049910573156,-66.44049910573156,219017.0
1734,Mumbai,East,,370131,-44.34,,,
1735,Nagpur,East,655576.0,138432,-45.71,78.8839127728898,-124.59391277288981,517144.0
1736,Kolhapur,South,613875.0,474853,80.01,22.646630014253716,57.36336998574629,139022.0
1737,Solapur,North,,60434,31.96,,,
1738,Solapur,North,933730.0,476194,-3.84,49.00088890792841,-52.84088890792842,457536.0
1739,Solapur,West,959611.0,192214,70.84,79.96959184502887,-9.12959184502887,767397.0
1740,Pune,South,846852.0,157207,46.61,81.43630764289391,-34.82630764289391,689645.0
1741,Mumbai,South,602410.0,431599,42.87,28.35460898723461,14.515391012765388,170811.0
1742,Nagpur,South,378289.0,378540,69.64,-0.06635138743130252,69.7063513874313,-251.0
1743,Kolhapur,South,384410.0,442942,20.38,-15.226450924793841,35.60645092479384,-58532.0
1744,Kolhapur,South,455970.0,157803,-25.74,65.39180209224291,-91.1318020922429,298167.0
1745,Pune,South,390679.0,441049,87.64,-12.892937680295077,100.53293768029508,-50370.0
1746,Mumbai,South,166906.0,67856,79.79,59.344780894635306,20.4452191053647,99050.0
1747,Mumbai,East,51903.0,384807,-12.71,-641.3964510721923,628.6864510721923,-332904.0
1748,Pune,West,548678.0,301665,-0.67,45.019665450409896,-45.6896654504099,247013.0
1749,Nagpur,West,126755.0,479526,73.02,-278.3093369097866,351.3293369097866,-352771.0
1750,Pune,North,391800.0,351826,95.84,10.202654415518122,85.63734558448188,39974.0
1751,Mumbai,East,979802.0,368949,66.32,62.34453491623818,3.9754650837618115,610853.0
1752,Nagpur,South,312284.0,444131,-42.15,-42.220222617873475,0.07022261787347617,-131847.0
1753,Kolhapur,East,708640.0,256332,11.25,63.82761345676224,-52.57761345676224,452308.0
1754,Solapur,West,704250.0,169628,66.41,75.91366702165423,-9.503667021654238,534622.0
1755,Solapur,South,896294.0,407493,19.9,54.53578848011925,-34.63578848011925,488801.0
1756,Nashik,East,763013.0,60693,51.38,92.04561390172906,-40.66561390172905,702320.0
1757,Nashik,North,977627.0,107820,-44.55,88.97125386266951,-133.5212538626695,869807.0
1758,Solapur,East,521880.0,436030,-18.25,16.45014179504867,-34.700141795048665,85850.0
1759,Pune,South,667434.0,386002,63.86,42.16626662711219,21.693733372887806,281432.0
1760,Nashik,South,799656.0,166560,-21.12,79.17104354872595,-100.29104354872595,633096.0
1761,Kolhapur,South,186918.0,474281,95.68,-153.73746776661423,249.41746776661424,-287363.0
1762,Nashik,East,505990.0,461842,5.01,8.725073618055692,-3.7150736180556923,44148.0
1763,Nagpur,East,,32371,-20.86,,,
1764,Pune,East,822390.0,379108,-20.85,53.90167682000025,-74.75167682000026,443282.0
1765,Pune,South,919512.0,426555,-23.74,53.610719599091695,-77.35071959909169,492957.0
1766,Pune,West,636985.0,166850,2.12,73.8062905719915,-71.68629057199149,470135.0
1767,Nagpur,East,472104.0,163547,37.24,65.35784488163625,-28.117844881636252,308557.0
1768,Nashik,West,120360.0,467279,82.47,-288.23446327683615,370.7044632768361,-346919.0
1769,Kolhapur,South,992345.0,332950,90.03,66.4481606699283,23.581839330071702,659395.0
1770,Nagpur,South,779467.0,221575,39.98,71.57352395932092,-31.593523959320926,557892.0
1771,Solapur,South,821726.0,297703,44.92,63.77101369556275,-18.85101369556275,524023.0
1772,Mumbai,South,235252.0,454932,28.14,-93.38071514801149,121.52071514801149,-219680.0
1773,Solapur,North,79803.0,164937,0.5,-106.68019999248148,107.18019999248148,-85134.0
1774,Solapur,South,540674.0,22332,30.09,95.86959979581042,-65.77959979581041,518342.0
1775,Kolhapur,East,978258.0,336588,-25.18,65.5931257398355,-90.7731257398355,641670.0
1776,Nashik,West,238055.0,378686,-1.58,-59.07500367562118,57.495003675621184,-140631.0
1777,Nashik,South,112551.0,157259,-20.07,-39.72243693969845,19.652436939698447,-44708.0
1778,Mumbai,South,844105.0,247723,75.97,70.65258469029328,5.317415309706718,596382.0
1779,Nashik,North,67928.0,40004,-25.55,41.10823224590743,-66.65823224590743,27924.0
1780,Pune,South,923457.0,401884,62.04,56.48048582662756,5.559514173372442,521573.0
1781,Solapur,East,,200295,-40.04,,,
1782,Mumbai,East,700253.0,329055,48.96,53.00912670134937,-4.049126701349373,371198.0
1783,Mumbai,North,803410.0,68375,64.84,91.48940142641987,-26.64940142641987,735035.0
1784,Nashik,South,57991.0,35483,-34.91,38.81291924608991,-73.7229192460899,22508.0
1785,Mumbai,East,314133.0,460299,65.8,-46.52997297323108,112.32997297323108,-146166.0
1786,Mumbai,West,492447.0,398070,37.89,19.1649050557725,18.7250949442275,94377.0
1787,Pune,East,994546.0,489614,52.92,50.770100126087684,2.149899873912318,504932.0
1788,Solapur,North,795360.0,142578,58.49,82.07377791188895,-23.58377791188895,652782.0
1789,Mumbai,East,738068.0,296707,-25.52,59.799503568776856,-85.31950356877685,441361.0
1790,Mumbai,East,519437.0,36023,69.69,93.06499151966456,-23.37499151966456,483414.0
1791,Mumbai,South,929317.0,307857,67.28,66.8727678499371,0.4072321500628959,621460.0
1792,Kolhapur,South,317151.0,334322,47.03,-5.414140267569707,52.44414026756971,-17171.0
1793,Nagpur,East,990918.0,26574,25.71,97.31824429468432,-71.60824429468431,964344.0
1794,Kolhapur,West,982714.0,321173,77.49,67.31775470788041,10.172245292119584,661541.0
1795,Pune,West,674713.0,431390,82.1,36.06318538400772,46.03681461599228,243323.0
1796,Kolhapur,West,462211.0,497282,0.22,-7.587660181172668,7.807660181172667,-35071.0
1797,Solapur,South,912063.0,493322,29.93,45.911411821332514,-15.981411821332514,418741.0
1798,Nagpur,East,370761.0,174764,17.47,52.86343493517387,-35.39343493517387,195997.0
1799,Mumbai,East,125469.0,52574,13.77,58.09801624305605,-44.328016243056055,72895.0
1800,Nashik,East,282544.0,498301,74.18,-76.36226570020952,150.54226570020953,-215757.0
1801,Mumbai,West,662262.0,231880,49.53,64.98666690826289,-15.45666690826289,430382.0
1802,Pune,West,998840.0,115938,21.08,88.39273557326499,-67.31273557326499,882902.0
1803,Mumbai,North,290492.0,187782,68.27,35.35725596574088,32.91274403425911,102710.0
1804,Kolhapur,North,389112.0,355386,91.47,8.667427373095665,82.80257262690434,33726.0
1805,Nashik,South,781035.0,391225,11.15,49.909415071027546,-38.75941507102755,389810.0
1806,Nagpur,West,851237.0,224666,-29.69,73.60711529221592,-103.29711529221592,626571.0
1807,Pune,East,385822.0,243771,87.97,36.81775533795377,51.15224466204623,142051.0
1808,Nagpur,West,743392.0,442463,93.6,40.48052709741294,53.119472902587056,300929.0
1809,Nashik,South,963665.0,423669,11.37,56.03565554419845,-44.66565554419845,539996.0
1810,Solapur,West,825624.0,21649,47.26,97.37786207765278,-50.11786207765278,803975.0
1811,Nagpur,West,945052.0,273665,-36.43,71.04233417843673,-107.47233417843674,671387.0
1812,Kolhapur,North,889508.0,403009,-43.03,54.69304379499679,-97.72304379499678,486499.0
1813,Nagpur,East,52125.0,463465,-35.83,-789.1414868105516,753.3114868105515,-411340.0
1814,Mumbai,West,907960.0,37263,66.17,95.89596457993744,-29.72596457993744,870697.0
1815,Pune,West,599390.0,51425,18.86,91.42044411818682,-72.56044411818682,547965.0
1816,Pune,South,736017.0,308381,48.31,58.101375375840504,-9.791375375840502,427636.0
1817,Solapur,West,460330.0,370439,33.19,19.527512871201093,13.662487128798904,89891.0
1818,Kolhapur,South,184177.0,50751,-20.92,72.44444203130685,-93.36444203130685,133426.0
1819,Solapur,South,625700.0,431399,72.15,31.053380214160143,41.09661978583986,194301.0
1820,Nagpur,South,547919.0,304697,-17.87,44.39013795834786,-62.260137958347855,243222.0
1821,Solapur,East,766463.0,340659,-22.65,55.554410323786016,-78.20441032378602,425804.0
1822,Pune,West,302841.0,290781,42.67,3.9822877351481467,38.687712264851854,12060.0
1823,Pune,West,252758.0,459154,80.39,-81.657553865753,162.047553865753,-206396.0
1824,Nagpur,South,522354.0,418759,79.92,19.832335925445197,60.08766407455481,103595.0
1825,Nagpur,North,240167.0,128264,15.77,46.593828461029204,-30.823828461029205,111903.0
1826,Nashik,West,830092.0,415666,52.82,49.92530948376807,2.8946905162319325,414426.0
1827,Kolhapur,North,164034.0,113263,73.8,30.951510052793935,42.84848994720606,50771.0
1828,Pune,South,758790.0,138245,-17.56,81.78086163497147,-99.34086163497147,620545.0
1829,Solapur,North,755774.0,22707,9.24,96.99553040988444,-87.75553040988444,733067.0
1830,Kolhapur,South,422672.0,277954,45.01,34.23884241208312,10.771157587916875,144718.0
1831,Nashik,East,331172.0,231833,75.92,29.99619533052311,45.923804669476894,99339.0
1832,Mumbai,East,535736.0,79707,0.4,85.12196305643079,-84.72196305643078,456029.0
1833,Kolhapur,West,540579.0,245439,43.19,54.597015422352705,-11.407015422352707,295140.0
1834,Solapur,South,207074.0,211679,-41.22,-2.223842684257802,-38.996157315742195,-4605.0
1835,Mumbai,North,226276.0,177819,89.88,21.414997613533913,68.46500238646608,48457.0
1836,Nashik,East,992330.0,381896,84.4,61.51522175082885,22.884778249171156,610434.0
1837,Pune,North,,64488,88.32,,,
1838,Pune,East,472332.0,261407,95.24,44.65608936087329,50.58391063912671,210925.0
1839,Mumbai,West,650081.0,299053,76.85,53.997578763261814,22.85242123673818,351028.0
1840,Pune,South,160822.0,140365,-18.36,12.720274589297484,-31.08027458929748,20457.0
1841,Nagpur,East,731944.0,360702,37.19,50.72000043719191,-13.530000437191916,371242.0
1842,Kolhapur,East,278115.0,200650,-23.03,27.85358574690326,-50.883585746903265,77465.0
1843,Nashik,South,446900.0,74601,-46.93,83.307003803983,-130.237003803983,372299.0
1844,Solapur,West,298637.0,441832,-28.5,-47.949517306964644,19.449517306964644,-143195.0
1845,Nashik,South,808814.0,341562,76.27,57.77001881767625,18.499981182323744,467252.0
1846,Kolhapur,South,278628.0,479866,61.55,-72.22461489871802,133.77461489871803,-201238.0
1847,Mumbai,West,299135.0,290252,63.98,2.969562237785615,61.01043776221438,8883.0
1848,Mumbai,East,,280404,10.88,,,
1849,Pune,East,849494.0,191126,-45.98,77.50119482892168,-123.48119482892167,658368.0
1850,Mumbai,East,535416.0,142105,-2.33,73.45895527963303,-75.78895527963303,393311.0
1851,Solapur,East,319927.0,487652,18.28,-52.42602218631125,70.70602218631126,-167725.0
1852,Nashik,North,603322.0,455486,3.71,24.50366470972383,-20.793664709723828,147836.0
1853,Solapur,South,65135.0,95445,25.2,-46.534121440085976,71.73412144008597,-30310.0
1854,Nashik,East,197462.0,333419,41.84,-68.8522348603782,110.6922348603782,-135957.0
1855,Kolhapur,South,711031.0,355614,-32.29,49.986146876859095,-82.27614687685909,355417.0
1856,Kolhapur,East,139931.0,104135,86.18,25.58117929550993,60.59882070449008,35796.0
1857,Pune,West,762627.0,443802,34.0,41.80615163113816,-7.806151631138157,318825.0
1858,Mumbai,East,118468.0,155943,78.42,-31.633014822568118,110.05301482256812,-37475.0
1859,Nashik,South,892465.0,216124,21.16,75.7834761027043,-54.6234761027043,676341.0
1860,Nagpur,East,913092.0,80016,59.7,91.23680855817376,-31.53680855817376,833076.0
1861,Nagpur,North,457097.0,147441,84.27,67.7440455745717,16.525954425428296,309656.0
1862,Kolhapur,North,535073.0,425338,40.16,20.508416608574905,19.651583391425092,109735.0
1863,Nagpur,East,182556.0,280410,11.31,-53.602182344047854,64.91218234404785,-97854.0
1864,Nagpur,East,855376.0,445100,36.37,47.96440395802548,-11.594403958025481,410276.0
1865,Kolhapur,West,391943.0,423188,-24.97,-7.971822433364036,-16.998177566635963,-31245.0
1866,Kolhapur,West,148081.0,61422,55.37,58.52134980179766,-3.1513498017976644,86659.0
1867,Solapur,South,112936.0,463017,-44.39,-309.98175958064746,265.5917595806475,-350081.0
1868,Mumbai,South,622981.0,341483,17.87,45.185647716383,-27.315647716383,281498.0
1869,Nashik,West,140120.0,174120,31.89,-24.26491578646874,56.15491578646874,-34000.0
1870,Kolhapur,East,600075.0,436080,10.39,27.329083864516935,-16.939083864516935,163995.0
1871,Nagpur,East,955492.0,255873,22.43,73.22081189586098,-50.790811895860976,699619.0
1872,Nagpur,South,535318.0,31658,-23.64,94.08613198136435,-117.72613198136435,503660.0
1873,Nashik,West,485189.0,303349,-38.28,37.47817860668729,-75.7581786066873,181840.0
1874,Pune,East,125358.0,212889,16.47,-69.82482171062078,86.29482171062078,-87531.0
1875,Solapur,North,157675.0,457465,90.06,-190.1315998097352,280.1915998097352,-299790.0
1876,Solapur,East,880897.0,94120,-23.03,89.31543642446279,-112.34543642446279,786777.0
1877,Mumbai,North,360389.0,474777,-7.53,-31.74014745178127,24.210147451781268,-114388.0
1878,Nagpur,North,992100.0,312637,81.86,68.48735006551759,13.37264993448241,679463.0
1879,Mumbai,South,478470.0,361650,-9.88,24.415323844755157,-34.29532384475516,116820.0
1880,Mumbai,East,782453.0,404371,7.86,48.32009079139578,-40.46009079139578,378082.0
1881,Mumbai,West,227282.0,90030,-34.73,60.38841615262097,-95.11841615262097,137252.0
1882,Mumbai,East,368200.0,420327,-43.0,-14.157251493753394,-28.842748506246608,-52127.0
1883,Nashik,North,866875.0,345688,49.06,60.122509012256664,-11.062509012256662,521187.0
1884,Nashik,East,220708.0,419547,-27.67,-90.09143302462984,62.421433024629835,-198839.0
1885,Kolhapur,South,,300637,33.79,,,
1886,Nashik,West,,426914,14.53,,,
1887,Mumbai,South,342605.0,402044,-35.85,-17.34913384217977,-18.50086615782023,-59439.0
1888,Nagpur,East,220605.0,284493,14.34,-28.96035901271503,43.300359012715035,-63888.0
1889,Solapur,North,622980.0,141581,-12.77,77.27358823718258,-90.04358823718258,481399.0
1890,Kolhapur,West,348714.0,179925,78.77,48.403276037096305,30.36672396290369,168789.0
1891,Nagpur,West,87666.0,482601,-10.57,-450.4996235712819,439.9296235712819,-394935.0
1892,Mumbai,South,983204.0,436086,54.79,55.646437565347576,-0.8564375653475764,547118.0
1893,Kolhapur,East,,145030,52.7,,,
1894,Pune,West,585030.0,434577,-21.02,25.717142710630224,-46.73714271063022,150453.0
1895,Kolhapur,West,880623.0,276872,33.35,68.55953115010624,-35.20953115010624,603751.0
1896,Nashik,East,647782.0,216486,76.21,66.58042366104647,9.629576338953527,431296.0
1897,Kolhapur,East,605108.0,447131,-34.94,26.107240360398475,-61.047240360398476,157977.0
1898,Nagpur,South,306002.0,418725,41.58,-36.837340932412204,78.4173409324122,-112723.0
1899,Nashik,West,456261.0,269692,-24.56,40.890849754855225,-65.45084975485523,186569.0
1900,Nagpur,East,,67800,-13.88,,,
1901,Pune,North,592520.0,388369,47.25,34.454701950989,12.795298049011002,204151.0
1902,Kolhapur,East,708168.0,351350,45.72,50.386066583070686,-4.666066583070688,356818.0
1903,Nagpur,East,567883.0,116523,49.69,79.4811607320522,-29.791160732052205,451360.0
1904,Nashik,North,,484979,31.39,,,
1905,Pune,South,490982.0,134088,67.59,72.68983384319588,-5.099833843195881,356894.0
1906,Nashik,North,,35684,47.26,,,
1907,Solapur,East,403220.0,499568,-18.0,-23.89464808293239,5.894648082932392,-96348.0
1908,Mumbai,East,310986.0,126044,-34.79,59.4695581151563,-94.2595581151563,184942.0
1909,Solapur,North,346685.0,209951,-48.47,39.440414208863956,-87.91041420886395,136734.0
1910,Mumbai,North,378234.0,148003,-48.95,60.86999053495984,-109.81999053495984,230231.0
1911,Mumbai,West,922359.0,333553,-34.05,63.83696586686962,-97.88696586686962,588806.0
1912,Solapur,North,740370.0,295996,15.13,60.02053027540284,-44.89053027540284,444374.0
1913,Pune,North,,193558,-49.12,,,
1914,Mumbai,East,813819.0,90974,7.4,88.82134725289038,-81.42134725289037,722845.0
1915,Nagpur,West,81491.0,440643,66.59,-440.7259697389896,507.31596973898957,-359152.0
1916,Solapur,North,271239.0,456524,-30.72,-68.3106043010039,37.59060430100391,-185285.0
1917,Nagpur,West,395354.0,274436,68.19,30.584741775725043,37.605258224274955,120918.0
1918,Pune,West,671706.0,75940,-21.5,88.6944585875368,-110.1944585875368,595766.0
1919,Pune,North,,422189,-15.79,,,
1920,Kolhapur,North,597247.0,487328,-13.4,18.40427829691903,-31.80427829691903,109919.0
1921,Kolhapur,East,690402.0,404911,-1.43,41.35141555209863,-42.78141555209863,285491.0
1922,Kolhapur,West,753235.0,485285,25.16,35.57322747880807,-10.413227478808071,267950.0
1923,Solapur,East,520239.0,415391,52.1,20.15381392014055,31.94618607985945,104848.0
1924,Nagpur,North,242542.0,151511,66.41,37.5320563036505,28.877943696349497,91031.0
1925,Nashik,West,452540.0,174263,-46.76,61.4922437795554,-108.2522437795554,278277.0
1926,Mumbai,West,389747.0,191855,-28.18,50.77447677595978,-78.95447677595979,197892.0
1927,Nashik,South,746882.0,335671,62.25,55.05702373333404,7.1929762666659585,411211.0
1928,Nashik,North,339233.0,477740,65.87,-40.8294593981128,106.69945939811281,-138507.0
1929,Kolhapur,South,181836.0,172637,91.65,5.0589542224861965,86.59104577751381,9199.0
1930,Solapur,South,148353.0,34415,-6.33,76.8019521007327,-83.1319521007327,113938.0
1931,Nashik,West,575110.0,347841,-16.19,39.51748361183078,-55.70748361183078,227269.0
1932,Kolhapur,East,90160.0,149564,36.06,-65.88731144631765,101.94731144631766,-59404.0
1933,Kolhapur,West,507858.0,114568,-38.18,77.44093821501285,-115.62093821501284,393290.0
1934,Nashik,South,162325.0,145196,58.79,10.552287078392114,48.23771292160789,17129.0
1935,Mumbai,North,991065.0,178856,21.73,81.95315140782895,-60.22315140782895,812209.0
1936,Kolhapur,East,854202.0,51715,56.51,93.94581141228889,-37.43581141228889,802487.0
1937,Pune,South,868770.0,291321,-26.21,66.46741945509169,-92.6774194550917,577449.0
1938,Mumbai,South,65616.0,44920,19.72,31.541087539624478,-11.821087539624479,20696.0
1939,Mumbai,North,114428.0,372258,1.78,-225.32072569650782,227.10072569650782,-257830.0
1940,Solapur,West,183730.0,451674,20.7,-145.8357372230991,166.5357372230991,-267944.0
1941,Kolhapur,South,952732.0,454691,33.69,52.275036421575,-18.585036421575005,498041.0
1942,Pune,North,958979.0,428492,52.69,55.31789538665601,-2.6278953866560144,530487.0
1943,Nagpur,North,696560.0,30865,80.02,95.56893878488573,-15.548938784885735,665695.0
1944,Nagpur,North,445848.0,48118,-15.05,89.20753261201126,-104.25753261201126,397730.0
1945,Nashik,West,319001.0,446823,14.03,-40.069466866875025,54.09946686687503,-127822.0
1946,Solapur,North,,280261,-33.03,,,
1947,Pune,South,335172.0,375887,0.13,-12.147494420775006,12.277494420775007,-40715.0
1948,Solapur,North,332766.0,325035,6.99,2.3232541786119976,4.666745821388003,7731.0
1949,Pune,North,200245.0,144491,16.2,27.842892456740493,-11.642892456740494,55754.0
1950,Pune,South,294196.0,74143,89.03,74.79809378781492,14.23190621218508,220053.0
1951,Mumbai,North,232807.0,354228,86.49,-52.15521870046863,138.64521870046863,-121421.0
1952,Pune,South,100020.0,410756,-39.64,-310.6738652269546,271.0338652269546,-310736.0
1953,Pune,West,185997.0,125938,12.08,32.29030575761975,-20.21030575761975,60059.0
1954,Nagpur,West,,246251,-1.99,,,
1955,Nashik,North,623216.0,493972,4.16,20.738235218607993,-16.578235218607993,129244.0
1956,Nagpur,West,833710.0,95965,62.59,88.48940278993894,-25.899402789938932,737745.0
1957,Kolhapur,West,857230.0,320857,-20.42,62.570488666985526,-82.99048866698553,536373.0
1958,Mumbai,East,150885.0,252633,63.38,-67.43413858236406,130.81413858236405,-101748.0
1959,Mumbai,North,978154.0,230123,87.56,76.47374544294662,11.08625455705338,748031.0
1960,Solapur,South,224454.0,201088,54.07,10.4101508549636,43.659849145036404,23366.0
1961,Mumbai,South,360004.0,476093,11.72,-32.24658614904279,43.96658614904279,-116089.0
1962,Nashik,South,806882.0,174570,-40.6,78.36486623818601,-118.964866238186,632312.0
1963,Pune,South,292442.0,407710,-34.39,-39.41567900643547,5.0256790064354675,-115268.0
1964,Nagpur,East,332636.0,325277,57.23,2.212328190574682,55.017671809425316,7359.0
1965,Solapur,South,962198.0,449458,-32.97,53.288408414900054,-86.25840841490006,512740.0
1966,Mumbai,East,642813.0,70217,12.14,89.07660548246535,-76.93660548246535,572596.0
1967,Mumbai,North,137406.0,418130,80.73,-204.302577762252,285.032577762252,-280724.0
1968,Nashik,West,495362.0,83707,30.42,83.10185278644708,-52.68185278644708,411655.0
1969,Nagpur,East,231054.0,460430,0.52,-99.27376284331801,99.793762843318,-229376.0
1970,Kolhapur,East,,193808,-15.36,,,
1971,Solapur,South,498758.0,329749,31.0,33.885972756326716,-2.8859727563267157,169009.0
1972,Kolhapur,West,512997.0,458267,1.02,10.668678374337471,-9.648678374337472,54730.0
1973,Kolhapur,South,447845.0,165625,93.84,63.01733858812759,30.82266141187241,282220.0
1974,Nagpur,North,361554.0,291418,-47.97,19.39848542679655,-67.36848542679655,70136.0
1975,Kolhapur,North,172292.0,278198,91.79,-61.468901632112924,153.25890163211292,-105906.0
1976,Kolhapur,West,623207.0,211531,-18.3,66.0576662328889,-84.3576662328889,411676.0
1977,Nagpur,East,938024.0,185992,36.13,80.1719358992947,-44.04193589929469,752032.0
1978,Kolhapur,West,462140.0,254213,-10.44,44.99221015276756,-55.43221015276756,207927.0
1979,Kolhapur,West,405409.0,83332,72.63,79.44495558806045,-6.814955588060457,322077.0
1980,Kolhapur,East,373503.0,439458,54.86,-17.658492702869857,72.51849270286985,-65955.0
1981,Solapur,West,199298.0,458346,-14.85,-129.98023060943913,115.13023060943914,-259048.0
1982,Mumbai,North,884331.0,323028,34.74,63.472048361982104,-28.732048361982102,561303.0
1983,Nashik,West,69110.0,499207,86.29,-622.3368542902618,708.6268542902618,-430097.0
1984,Nashik,South,63641.0,137674,-16.4,-116.32909602300403,99.92909602300404,-74033.0
1985,Nashik,North,963505.0,300923,72.08,68.76788392379905,3.312116076200951,662582.0
1986,Solapur,East,583246.0,39541,68.95,93.22052787331589,-24.270527873315885,543705.0
1987,Nagpur,East,598697.0,116014,7.43,80.62225132245527,-73.19225132245526,482683.0
1988,Nashik,South,159923.0,50269,-44.25,68.56674774735342,-112.81674774735342,109654.0
1989,Nashik,East,120103.0,23958,-24.96,80.05212192867789,-105.01212192867789,96145.0
1990,Kolhapur,East,689635.0,401951,21.11,41.71540017545513,-20.60540017545513,287684.0
1991,Nagpur,North,280126.0,352959,20.59,-26.000085675731633,46.59008567573163,-72833.0
1992,Mumbai,North,87795.0,176863,-34.13,-101.44996867703173,67.31996867703174,-89068.0
1993,Mumbai,South,758246.0,155881,-6.98,79.44189616562434,-86.42189616562435,602365.0
1994,Nashik,North,553448.0,166167,6.68,69.9760411095532,-63.296041109553194,387281.0
1995,Nagpur,West,128572.0,424289,72.5,-230.0010888840494,302.5010888840494,-295717.0
1996,Mumbai,South,439127.0,348917,84.75,20.543031970250063,64.20696802974993,90210.0
1997,Kolhapur,North,621061.0,220131,40.53,64.55565556362419,-24.025655563624184,400930.0
1998,Pune,East,124501.0,55199,-8.95,55.663809929237516,-64.61380992923752,69302.0
1999,Pune,East,575791.0,405261,52.85,29.616649096634024,23.233350903365977,170530.0
